condition_id,participant_id,luminance_cd_m2,source_point_index,spatial_frequency_cpd,contrast_sensitivity,contrast_threshold,included_in_csf_fit,source_id
P01_L010,P01,10,0,0.5,132.2457439006543,0.00756168002466091,True,P01_L010_BASE
P01_L010,P01,10,1,1.0,206.8309029852125,0.0048348674475955635,True,P01_L010_BASE
P01_L010,P01,10,2,2.0,247.39072940609495,0.0040421886559802635,True,P01_L010_BASE
P01_L010,P01,10,3,4.0,248.8070644639627,0.004019178483353878,True,P01_L010_BASE
P01_L010,P01,10,4,6.0,220.39847691336135,0.004537236436498153,True,P01_L010_BASE
P01_L010,P01,10,5,8.0,208.477931158582,0.004796670776818743,True,P01_L010_BASE
P01_L010,P01,10,6,11.3,119.03829242431715,0.008400658138101114,True,P01_L010_BASE
P01_L010,P01,10,7,16.0,69.48936881204027,0.014390690505548703,True,P01_L010_BASE
P01_L020,P01,20,0,0.5,182.1921906025772,0.005488709459459425,True,P01_L020_BASE
P01_L020,P01,20,1,1.0,307.77661032933867,0.003249109797297275,True,P01_L020_BASE
P01_L020,P01,20,2,2.0,316.70083326557364,0.0031575540540540255,True,P01_L020_BASE
P01_L020,P01,20,3,4.0,312.2865228847499,0.0032021874999999676,True,P01_L020_BASE
P01_L020,P01,20,4,6.0,307.77629030790854,0.0032491131756756516,True,P01_L020_BASE
P01_L020,P01,20,5,8.0,274.35808549962104,0.0036448716216215954,True,P01_L020_BASE
P01_L020,P01,20,6,11.3,144.41373755193894,0.006924548986486458,True,P01_L020_BASE
P01_L020,P01,20,7,16.0,74.77547778625187,0.013373368243243226,True,P01_L020_BASE
P01_L025,P01,25,0,0.5,109.82782104833228,0.009105161064425805,True,P01_L025_BASE
P01_L025,P01,25,1,1.0,171.66257245019926,0.005825381652661114,True,P01_L025_BASE
P01_L025,P01,25,2,2.0,207.67095497008583,0.004815309873949614,True,P01_L025_BASE
P01_L025,P01,25,3,2.5,179.70296157527693,0.005564738562091553,True,P01_L025_BASE
P01_L025,P01,25,4,3.0,194.0992733510375,0.005152002801120506,True,P01_L025_BASE
P01_L025,P01,25,5,3.5,188.76537574179767,0.005297581699346431,True,P01_L025_BASE
P01_L025,P01,25,6,4.0,180.04949469827878,0.005554028361344575,True,P01_L025_BASE
P01_L025,P01,25,7,5.0,149.5630935261587,0.0066861414565826645,True,P01_L025_BASE
P01_L025,P01,25,8,6.0,182.19258828302455,0.005488697478991647,True,P01_L025_BASE
P01_L025,P01,25,9,8.0,151.781721303568,0.0065884086134454225,True,P01_L025_BASE
P01_L025,P01,25,10,11.3,95.75576646858339,0.010443235294117677,True,P01_L025_BASE
P01_L025,P01,25,11,16.0,71.51498715997965,0.013983082983193316,True,P01_L025_BASE
P01_L038,P01,38,0,0.5,175.8234624238194,0.005687523076923133,True,P01_L038_BASE
P01_L038,P01,38,1,1.0,257.55554036637955,0.003882657692307739,True,P01_L038_BASE
P01_L038,P01,38,2,2.0,257.970289760164,0.0038764153846154296,True,P01_L038_BASE
P01_L038,P01,38,3,4.0,249.11134318919667,0.004014269230769286,True,P01_L038_BASE
P01_L038,P01,38,4,6.0,235.87237852798958,0.0042395807692308315,True,P01_L038_BASE
P01_L038,P01,38,5,8.0,166.98393614534154,0.005988600000000045,True,P01_L038_BASE
P01_L038,P01,38,6,11.3,124.17139473131199,0.008053384615384629,True,P01_L038_BASE
P01_L038,P01,38,7,16.0,62.76269810080063,0.0159330307692308,True,P01_L038_BASE
P01_L050,P01,50,0,0.5,91.44495818172975,0.010935540021929773,True,P01_L050_BASE
P01_L050,P01,50,1,1.0,151.62661944960604,0.006595148026315759,True,P01_L050_BASE
P01_L050,P01,50,2,2.0,185.31331055524012,0.005396266447368386,True,P01_L050_BASE
P01_L050,P01,50,3,4.0,158.95736517709545,0.006290995065789454,True,P01_L050_BASE
P01_L050,P01,50,4,6.0,174.29918397594278,0.005737261513157873,True,P01_L050_BASE
P01_L050,P01,50,5,8.0,126.55241795601258,0.007901864035087679,True,P01_L050_BASE
P01_L050,P01,50,6,11.3,84.74507366990568,0.011800095942982416,True,P01_L050_BASE
P01_L050,P01,50,7,16.0,54.12034923647735,0.01847733826754384,True,P01_L050_BASE
P01_L072,P01,72,0,0.5,141.44271570014212,0.007069999999999966,True,P01_L072_BASE
P01_L072,P01,72,1,1.0,263.8983404948352,0.0037893379629629427,True,P01_L072_BASE
P01_L072,P01,72,2,2.0,273.7267902492456,0.0036532777777777492,False,P01_L072_BASE
P01_L072,P01,72,3,4.0,211.1647495644739,0.004735638888888862,True,P01_L072_BASE
P01_L072,P01,72,4,6.0,235.87172072788474,0.004239592592592555,True,P01_L072_BASE
P01_L072,P01,72,5,8.0,204.02052673188544,0.004901467592592557,True,P01_L072_BASE
P01_L072,P01,72,6,11.3,110.88494916489796,0.009018356481481462,True,P01_L072_BASE
P01_L072,P01,72,7,16.0,52.95420735886981,0.018884240740740695,True,P01_L072_BASE
P01_L100,P01,100,0,0.5,155.75071421013854,0.006420516304347742,True,P01_L100_BASE
P01_L100,P01,100,1,1.0,188.8269841970318,0.005295853260869477,True,P01_L100_BASE
P01_L100,P01,100,2,2.0,205.80389349648655,0.0048589945652173575,False,P01_L100_BASE
P01_L100,P01,100,3,4.0,306.5537527010937,0.003262070652173857,True,P01_L100_BASE
P01_L100,P01,100,4,6.0,301.4392083944362,0.0033174184782607643,True,P01_L100_BASE
P01_L100,P01,100,5,8.0,266.02242973899683,0.003759081521739096,True,P01_L100_BASE
P01_L100,P01,100,6,11.3,111.16931388595522,0.008995288043478128,True,P01_L100_BASE
P01_L100,P01,100,7,16.0,76.97398530298975,0.012991402173912892,True,P01_L100_BASE
P01_L149,P01,149,0,0.5,292.94168876925187,0.0034136486486486158,True,P01_L149_BASE
P01_L149,P01,149,1,1.0,335.6206941905833,0.0029795540540540886,True,P01_L149_BASE
P01_L149,P01,149,2,2.0,557.7202806689858,0.0017930135135134399,False,P01_L149_BASE
P01_L149,P01,149,3,4.0,518.2127263241688,0.001929709459459412,True,P01_L149_BASE
P01_L149,P01,149,4,6.0,518.2127263241688,0.001929709459459412,True,P01_L149_BASE
P01_L149,P01,149,5,8.0,242.625735049424,0.004121574324324233,True,P01_L149_BASE
P01_L149,P01,149,6,11.3,83.64554409448341,0.011955209459459442,True,P01_L149_BASE
P01_L149,P01,149,7,16.0,59.40559086887919,0.016833432432432384,True,P01_L149_BASE
P01_L200,P01,200,0,0.53,142.36703187839356,0.007024098113207667,True,P01_L200_BASE
P01_L200,P01,200,1,1.06,169.14242238756208,0.0059121773584906116,True,P01_L200_BASE
P01_L200,P01,200,2,2.121,511.85178317570455,0.001953690566037801,False,P01_L200_BASE
P01_L200,P01,200,3,4.241,525.5704918942887,0.0019026943396227357,True,P01_L200_BASE
P01_L200,P01,200,4,8.483,690.4026219667386,0.0014484301886793483,True,P01_L200_BASE
P01_L200,P01,200,5,16.965,235.69047525872034,0.004242852830188779,True,P01_L200_BASE
P01_L200,P01,200,6,33.93,34.10588087060344,0.02932045660377359,True,P01_L200_BASE
P01_L300,P01,300,0,0.53,49.65226487677831,0.020140068181817954,True,P01_L300_BASE
P01_L300,P01,300,1,1.06,71.73653778273888,0.013939897727272508,True,P01_L300_BASE
P01_L300,P01,300,2,2.121,123.42492959168693,0.008102090909090972,False,P01_L300_BASE
P01_L300,P01,300,3,4.241,139.9424327719802,0.007145795454545105,True,P01_L300_BASE
P01_L300,P01,300,4,8.483,162.50403951803827,0.006153693181817785,True,P01_L300_BASE
P01_L300,P01,300,5,16.965,155.09996898000998,0.006447454545454388,True,P01_L300_BASE
P01_L300,P01,300,6,33.93,38.48895848003596,0.025981477272727326,True,P01_L300_BASE
P01_L370,P01,370,0,0.5,33.424526583360915,0.02991815000000062,True,P01_L370_BASE
P01_L370,P01,370,1,1.0,57.83271886069184,0.017291250000001077,True,P01_L370_BASE
P01_L370,P01,370,2,2.0,109.03817426480376,0.009171100000000534,True,P01_L370_BASE
P01_L370,P01,370,3,4.0,129.72524193756027,0.0077086000000009475,True,P01_L370_BASE
P01_L370,P01,370,4,6.0,117.30067682489381,0.008525100000000833,True,P01_L370_BASE
P01_L370,P01,370,5,8.0,144.15972897969712,0.006936750000000597,True,P01_L370_BASE
P01_L370,P01,370,6,12.0,98.78201772148809,0.010123300000000604,True,P01_L370_BASE
P01_L370,P01,370,7,16.0,66.1412843975956,0.0151191500000014,True,P01_L370_BASE
P01_L403,P01,403,0,0.5,39.214725129284716,0.025500625000000866,True,P01_L403_BASE
P01_L403,P01,403,1,1.0,60.96770997659589,0.016402125000002085,True,P01_L403_BASE
P01_L403,P01,403,2,2.0,90.492619195733,0.011050625000001691,True,P01_L403_BASE
P01_L403,P01,403,3,4.0,107.31628792958814,0.009318250000001074,True,P01_L403_BASE
P01_L403,P01,403,4,6.0,119.81787682721207,0.008346000000000735,True,P01_L403_BASE
P01_L403,P01,403,5,8.0,127.86906208038788,0.007820500000002555,True,P01_L403_BASE
P01_L403,P01,403,6,12.0,74.9000552387854,0.013351125000000953,True,P01_L403_BASE
P01_L403,P01,403,7,16.0,57.02432800392879,0.01753637500000181,True,P01_L403_BASE
P02_L010,P02,10,0,0.5,132.9259233004311,0.0075229870530209575,True,P02_L010_BASE
P02_L010,P02,10,1,1.0,193.33469692700362,0.005172377311960537,True,P02_L010_BASE
P02_L010,P02,10,2,2.0,231.4396990427783,0.004320779901356354,True,P02_L010_BASE
P02_L010,P02,10,3,4.0,229.1195882062743,0.004364532983970402,True,P02_L010_BASE
P02_L010,P02,10,4,8.0,207.95758280721589,0.004808672934648581,True,P02_L010_BASE
P02_L010,P02,10,5,11.3,135.95421924671427,0.00735541718043567,True,P02_L010_BASE
P02_L010,P02,10,6,16.0,62.86749578376929,0.01590647102342787,True,P02_L010_BASE
P02_L010,P02,10,7,22.5,32.17150306968106,0.03108340937114673,True,P02_L010_BASE
P02_L010,P02,10,8,32.0,98.34154740909892,0.010168642108508008,False,P02_L010_BASE
P02_L026,P02,26,0,0.5,103.98439648225157,0.009616827464788754,True,P02_L026_BASE
P02_L026,P02,26,1,1.0,177.09715930544198,0.005646617957746493,True,P02_L026_BASE
P02_L026,P02,26,2,2.0,198.8238588630637,0.0050295774647887296,True,P02_L026_BASE
P02_L026,P02,26,3,4.0,180.690313344997,0.005534330985915511,True,P02_L026_BASE
P02_L026,P02,26,4,8.0,176.38124682288563,0.005669536971831005,True,P02_L026_BASE
P02_L026,P02,26,5,16.0,72.3728219666803,0.013817341549295805,True,P02_L026_BASE
P02_L026,P02,26,6,32.0,103.56011600920861,0.009656227112676077,False,P02_L026_BASE
P02_L049,P02,49,0,0.5,507.3951807855365,0.0019708504098360276,True,P02_L049_BASE
P02_L049,P02,49,1,1.0,644.1742491344079,0.001552374999999959,True,P02_L049_BASE
P02_L049,P02,49,2,2.0,787.5527926654465,0.0012697561475409577,True,P02_L049_BASE
P02_L049,P02,49,3,4.0,802.4586807776752,0.0012461700819671917,True,P02_L049_BASE
P02_L049,P02,49,4,6.0,641.2370619253838,0.0015594856557376636,True,P02_L049_BASE
P02_L049,P02,49,5,8.0,505.32977945669666,0.001978905737704883,True,P02_L049_BASE
P02_L049,P02,49,6,11.3,277.0429075880256,0.003609549180327842,True,P02_L049_BASE
P02_L049,P02,49,7,16.0,77.65094436596277,0.012878143442622912,True,P02_L049_BASE
P02_L100,P02,100,0,0.5,194.7659817925586,0.005134366847826025,True,P02_L100_BASE
P02_L100,P02,100,1,1.0,137.80768936948593,0.007256489130434728,True,P02_L100_BASE
P02_L100,P02,100,2,2.0,357.4033481312683,0.002797959239130342,True,P02_L100_BASE
P02_L100,P02,100,3,4.0,179.11822240739815,0.00558290489130433,True,P02_L100_BASE
P02_L100,P02,100,4,6.0,327.00094812503687,0.0030580951086956036,True,P02_L100_BASE
P02_L100,P02,100,5,8.0,240.10230446016513,0.004164891304347759,True,P02_L100_BASE
P02_L100,P02,100,6,11.3,129.2028674610315,0.0077397663043477505,True,P02_L100_BASE
P02_L100,P02,100,7,16.0,58.41632393375581,0.01711850271739114,True,P02_L100_BASE
P02_L204,P02,204,0,0.5,46.84632231273589,0.02134639285714291,True,P02_L204_BASE
P02_L204,P02,204,1,1.0,64.15540271549195,0.015587151785714294,True,P02_L204_BASE
P02_L204,P02,204,2,2.0,166.23648029874636,0.006015526785714443,True,P02_L204_BASE
P02_L204,P02,204,3,4.0,182.5028638284161,0.005479366071428725,True,P02_L204_BASE
P02_L204,P02,204,4,6.0,497.2804972804581,0.0020109375000001584,True,P02_L204_BASE
P02_L204,P02,204,5,8.0,357.38217556397854,0.002798125000000119,True,P02_L204_BASE
P02_L204,P02,204,6,12.0,125.40069440634379,0.007974437500000094,True,P02_L204_BASE
P02_L204,P02,204,7,16.0,69.42184618722163,0.014404687500000084,True,P02_L204_BASE
P02_L300,P02,300,0,0.5,52.30506555879505,0.01911860714285733,True,P02_L300_BASE
P02_L300,P02,300,1,1.0,75.74917284608387,0.013201464285714622,True,P02_L300_BASE
P02_L300,P02,300,2,2.0,94.18793183484794,0.010617071428571457,True,P02_L300_BASE
P02_L300,P02,300,3,4.0,114.91115930995828,0.008702375000000016,True,P02_L300_BASE
P02_L300,P02,300,4,6.0,134.2594035525973,0.007448267857142992,True,P02_L300_BASE
P02_L300,P02,300,5,8.0,122.47852798306121,0.008164696428571545,True,P02_L300_BASE
P02_L300,P02,300,6,12.0,84.01243384020688,0.011903000000000209,True,P02_L300_BASE
P02_L300,P02,300,7,16.0,50.16024406541537,0.019936107142857443,True,P02_L300_BASE
P03_L010,P03,10,0,0.5,427.5224152377455,0.002339058641975297,True,P03_L010_BASE
P03_L010,P03,10,1,1.0,722.2711414782016,0.0013845216049382756,True,P03_L010_BASE
P03_L010,P03,10,2,2.0,791.7588654388703,0.0012630108024691356,True,P03_L010_BASE
P03_L010,P03,10,3,4.0,731.7048383982428,0.0013666712962962983,True,P03_L010_BASE
P03_L010,P03,10,4,6.0,619.8287818642702,0.0016133487654320954,True,P03_L010_BASE
P03_L010,P03,10,5,8.0,626.3798723267698,0.0015964753086419737,True,P03_L010_BASE
P03_L010,P03,10,6,11.3,460.3505341984326,0.0021722577160493816,True,P03_L010_BASE
P03_L010,P03,10,7,16.0,468.3062202340089,0.0021353549382716035,True,P03_L010_BASE
P03_L049,P03,49,0,0.5,416.2188901966853,0.002402581967213087,True,P03_L049_BASE
P03_L049,P03,49,1,1.0,683.4820046751423,0.0014630963114753812,True,P03_L049_BASE
P03_L049,P03,49,2,2.0,764.3978565532437,0.0013082192622950474,True,P03_L049_BASE
P03_L049,P03,49,3,4.0,679.3449889258561,0.0014720061475409518,True,P03_L049_BASE
P03_L049,P03,49,4,6.0,461.7228886822145,0.0021658012295081614,True,P03_L049_BASE
P03_L049,P03,49,5,8.0,325.8882123295307,0.003068536885245861,True,P03_L049_BASE
P03_L049,P03,49,6,11.3,114.02252786075064,0.008770196721311461,True,P03_L049_BASE
P03_L049,P03,49,7,16.0,62.78827279754703,0.015926540983606532,True,P03_L049_BASE
P03_L100,P03,100,0,0.5,134.12007391182487,0.007456005434782523,True,P03_L100_BASE
P03_L100,P03,100,1,1.0,226.6506697280959,0.004412076086956467,True,P03_L100_BASE
P03_L100,P03,100,2,2.0,239.82362536421786,0.004169730978260834,True,P03_L100_BASE
P03_L100,P03,100,3,4.0,179.50790444521292,0.005570785326086892,True,P03_L100_BASE
P03_L100,P03,100,4,6.0,183.27213471697348,0.00545636684782603,True,P03_L100_BASE
P03_L100,P03,100,5,8.0,108.69921597736703,0.00919969836956521,True,P03_L100_BASE
P03_L100,P03,100,6,11.3,55.450038084231636,0.018034252717391203,True,P03_L100_BASE
P03_L100,P03,100,7,16.0,33.15458985204687,0.030161736413043365,True,P03_L100_BASE
P03_L200,P03,200,0,0.5,182.36998396520642,0.005483358490566001,True,P03_L200_BASE
P03_L200,P03,200,1,1.0,164.15758508705656,0.006091707547169855,True,P03_L200_BASE
P03_L200,P03,200,2,2.0,329.3306199804276,0.0030364622641509335,True,P03_L200_BASE
P03_L200,P03,200,3,3.0,216.28393591874345,0.004623551886792433,True,P03_L200_BASE
P03_L200,P03,200,4,4.0,264.3292644913465,0.003783160377358586,True,P03_L200_BASE
P03_L200,P03,200,5,6.0,217.0172211354284,0.004607929245283053,True,P03_L200_BASE
P03_L200,P03,200,6,8.0,162.9577132420814,0.006136561320754744,True,P03_L200_BASE
P03_L200,P03,200,7,11.3,62.78904804991108,0.015926344339622714,True,P03_L200_BASE
P03_L300,P03,300,0,0.5,62.27474058678332,0.01605787500000011,True,P03_L300_BASE
P03_L300,P03,300,1,1.0,52.72156236584249,0.018967571428571417,True,P03_L300_BASE
P03_L300,P03,300,2,2.0,137.42263841649722,0.0072768214285715,True,P03_L300_BASE
P03_L300,P03,300,3,4.0,166.8986359016853,0.005991660714285695,True,P03_L300_BASE
P03_L300,P03,300,4,6.0,103.95184059727704,0.009619839285714336,True,P03_L300_BASE
P03_L300,P03,300,5,8.0,59.014271969379244,0.016945053571428795,True,P03_L300_BASE
P03_L300,P03,300,6,12.0,59.01396101706251,0.01694514285714313,True,P03_L300_BASE
P03_L300,P03,300,7,16.0,24.502993959574415,0.04081133928571432,True,P03_L300_BASE
P03_L370,P03,370,0,0.5,57.7348871715946,0.017320550000000642,True,P03_L370_BASE
P03_L370,P03,370,1,1.0,63.870827638183606,0.01565660000000023,True,P03_L370_BASE
P03_L370,P03,370,2,2.0,129.6890704535673,0.007710750000001203,True,P03_L370_BASE
P03_L370,P03,370,3,4.0,106.37392562333763,0.0094008000000012,True,P03_L370_BASE
P03_L370,P03,370,4,6.0,124.27454732994318,0.008046700000001177,True,P03_L370_BASE
P03_L370,P03,370,5,8.0,139.45250944789078,0.0071709000000008604,True,P03_L370_BASE
P03_L370,P03,370,6,12.0,59.06308232507249,0.016931050000001377,True,P03_L370_BASE
P03_L370,P03,370,7,16.0,29.377505350377152,0.03403965000000117,True,P03_L370_BASE
P03_L415,P03,415,0,0.5,37.398906081998014,0.026738749999999346,True,P03_L415_BASE
P03_L415,P03,415,1,1.0,62.86342920005956,0.015907500000000838,True,P03_L415_BASE
P03_L415,P03,415,2,2.0,202.39842129236666,0.004940749999998713,True,P03_L415_BASE
P03_L415,P03,415,3,4.0,154.13664213324037,0.006487750000000452,True,P03_L415_BASE
P03_L415,P03,415,4,6.0,132.45910325185577,0.007549500000000867,True,P03_L415_BASE
P03_L415,P03,415,5,8.0,214.76510067107833,0.004656250000001357,True,P03_L415_BASE
P03_L415,P03,415,6,12.0,86.45097149277376,0.011567250000002461,True,P03_L415_BASE
P03_L415,P03,415,7,16.0,43.23062457444961,0.02313174999999943,True,P03_L415_BASE
P04_L010,P04,10,0,0.5,391.5724898571851,0.002553805555555554,True,P04_L010_BASE
P04_L010,P04,10,1,1.0,669.9405531145019,0.0014926697530864153,True,P04_L010_BASE
P04_L010,P04,10,2,2.0,754.7609341331319,0.0013249228395061721,True,P04_L010_BASE
P04_L010,P04,10,3,4.0,621.6930582405515,0.0016085108024691346,True,P04_L010_BASE
P04_L010,P04,10,4,6.0,682.9852357142247,0.0014641604938271623,True,P04_L010_BASE
P04_L010,P04,10,5,8.0,595.5159851929744,0.0016792160493827118,True,P04_L010_BASE
P04_L010,P04,10,6,11.3,538.7008331573682,0.0018563179012345702,True,P04_L010_BASE
P04_L010,P04,10,7,16.0,419.6972739107632,0.0023826697530864157,True,P04_L010_BASE
P04_L049,P04,49,0,0.5,426.80399026747654,0.0023429959016393067,True,P04_L049_BASE
P04_L049,P04,49,1,1.0,634.6200862459286,0.0015757459016392983,True,P04_L049_BASE
P04_L049,P04,49,2,2.0,793.0884293598963,0.0012608934426229148,True,P04_L049_BASE
P04_L049,P04,49,3,4.0,594.4528293153063,0.0016822192622950503,True,P04_L049_BASE
P04_L049,P04,49,4,6.0,453.2826300795827,0.0022061290983606194,True,P04_L049_BASE
P04_L049,P04,49,5,8.0,344.2522917820364,0.0029048463114753954,True,P04_L049_BASE
P04_L049,P04,49,6,11.3,115.1201873628234,0.00868657377049177,True,P04_L049_BASE
P04_L049,P04,49,7,16.0,79.39404124943455,0.012595403688524572,True,P04_L049_BASE
P04_L100,P04,100,0,0.5,129.36733397478037,0.007729926630434742,True,P04_L100_BASE
P04_L100,P04,100,1,0.8,241.1653529271461,0.004146532608695624,True,P04_L100_BASE
P04_L100,P04,100,2,1.0,274.9810576907303,0.003636614130434739,True,P04_L100_BASE
P04_L100,P04,100,3,1.5,324.7452338342262,0.0030793369565216572,True,P04_L100_BASE
P04_L100,P04,100,4,2.0,248.31493351165497,0.004027144021739086,True,P04_L100_BASE
P04_L100,P04,100,5,3.0,229.98145774497323,0.004348176630434708,True,P04_L100_BASE
P04_L100,P04,100,6,4.0,181.71538334292256,0.005503111413043434,True,P04_L100_BASE
P04_L100,P04,100,7,5.0,211.90962822145164,0.004718992753623121,True,P04_L100_BASE
P04_L100,P04,100,8,6.0,200.219588657561,0.004994516304347809,True,P04_L100_BASE
P04_L100,P04,100,9,8.0,126.58327993101285,0.007899937499999954,True,P04_L100_BASE
P04_L100,P04,100,10,11.3,96.57228737498485,0.010354937499999925,True,P04_L100_BASE
P04_L100,P04,100,11,16.0,44.49326344183219,0.02247531249999991,True,P04_L100_BASE
P04_L100,P04,100,12,32.0,55.81901049882789,0.01791504347826084,True,P04_L100_BASE
P04_L200,P04,200,0,0.5,79.99486825373411,0.01250080188679254,True,P04_L200_BASE
P04_L200,P04,200,1,1.0,110.84069003557836,0.009021957547169848,True,P04_L200_BASE
P04_L200,P04,200,2,2.0,184.71001834031077,0.0054138915094339626,True,P04_L200_BASE
P04_L200,P04,200,3,4.0,387.43681307635046,0.002581066037735899,True,P04_L200_BASE
P04_L200,P04,200,4,8.0,287.9484083380024,0.0034728443396227085,True,P04_L200_BASE
P04_L200,P04,200,5,11.3,64.49173365035695,0.015505863207547146,True,P04_L200_BASE
P04_L200,P04,200,6,16.0,57.93552759589411,0.017260566037735885,True,P04_L200_BASE
P04_L200,P04,200,7,32.0,41.08064576449816,0.024342363207547207,True,P04_L200_BASE
P04_L300,P04,300,0,0.5,99.45230196560327,0.010055071428571474,True,P04_L300_BASE
P04_L300,P04,300,1,1.0,95.478415058308,0.010473571428571651,True,P04_L300_BASE
P04_L300,P04,300,2,2.0,112.60876297262831,0.008880303571428707,True,P04_L300_BASE
P04_L300,P04,300,3,4.0,108.42606020356953,0.009222875000000033,True,P04_L300_BASE
P04_L300,P04,300,4,6.0,142.30787801165368,0.007027017857142872,True,P04_L300_BASE
P04_L300,P04,300,5,8.0,162.58557517550844,0.006150607142857025,True,P04_L300_BASE
P04_L300,P04,300,6,12.0,68.18309108043286,0.014666392857143131,True,P04_L300_BASE
P04_L300,P04,300,7,16.0,30.79728675903643,0.03247039285714296,True,P04_L300_BASE
P04_L370,P04,370,0,0.5,36.667644470517956,0.027272000000000934,False,P04_L370_BASE
P04_L370,P04,370,1,1.0,88.61909298357995,0.01128425000000043,True,P04_L370_BASE
P04_L370,P04,370,2,2.0,95.93522453638664,0.010423700000000693,True,P04_L370_BASE
P04_L370,P04,370,3,4.0,103.73982053009958,0.009639500000001014,True,P04_L370_BASE
P04_L370,P04,370,4,6.0,101.23609269176208,0.009877900000000429,True,P04_L370_BASE
P04_L370,P04,370,5,8.0,95.35342747894094,0.010487300000001077,True,P04_L370_BASE
P04_L370,P04,370,6,12.0,48.94582920352758,0.02043075000000059,True,P04_L370_BASE
P04_L370,P04,370,7,16.0,32.01705868886827,0.031233350000001135,True,P04_L370_BASE
