source_id,source_bytes,source_sha256,output_file,role
SUP01,6753337,d912d5c112ba9aa07fb981f20f2b3002eece3a1c9f2135025dd59ccddd8d3388,,supplied_context_or_source
SUP02,801806,179cb68e3ba5c82ae5e905ed9ad2da05ad44d602966f0e1baabed9960bb9bbfa,,supplied_context_or_source
SUP03,18732,ce7543a225f01f82179083182bdad5f3340e721d459e74ff5fd9805eeaa08bab,,supplied_context_or_source
SUP04,113901,178654ef554893a0ced63446edb21448dd9db47a7b9f9cc16cc46a3d3bb64917,,supplied_context_or_source
SUP05,41572,f28bc683dedd6ba21d06e94cee2f743eb8b34355a3e1f43d5ec0c8d622f3593a,,supplied_context_or_source
SUP06,13131,024ee8f7ed111c0ff5959cc6f8f79c455998fbfcbbcc13d3be57a0a255e658b8,,supplied_context_or_source
SUP07,27263,db478fc21583b211ba2b9133eef1f8aaf55f3d8f60fb3e9a7e472fda5596ff99,,supplied_context_or_source
SUP08,58380,1f59ec85610cc80de8d9855bfa5be5a9288bf2a74c8e2c2b3cf6dc62df6aee1f,,supplied_context_or_source
SUP09,17861,38e60e3137c39e3bd69c5564b1efc58a2d1529f1e78c974cc5a48d24a75dddb5,,supplied_context_or_source
SUP10,17861,38e60e3137c39e3bd69c5564b1efc58a2d1529f1e78c974cc5a48d24a75dddb5,,supplied_context_or_source
LIB001,947519,894c1188a8493eccc4d69088b155426d3080affa38668b792e02ce5d97866db9,config/function_provenance.json,analysis_function_library
P01_L010_T001,67708,f28bfe6f352c878de3f2ba1dca45518e4da40658669d834292a6309ebc94df01,data/raw/source_trials/p01_l010_t001.tsv.gz,raw_trial_matrix
P01_L010_T002,62828,e20f97142d10b8b2ff9eea8dc7f2b33aa35a5d3b6e6efb9a6c7399f4f7e30543,data/raw/source_trials/p01_l010_t002.tsv.gz,raw_trial_matrix
P01_L010_T003,52458,1992cf9bcb7ae5b4d0fdf3261a3e97fd06c5bdd364ae29c6bdadffcd7afa5206,data/raw/source_trials/p01_l010_t003.tsv.gz,raw_trial_matrix
P01_L010_T004,61913,3b71da382f3eb5d83685a511db918102f72e7048fb08327f796a95f33566a4cf,data/raw/source_trials/p01_l010_t004.tsv.gz,raw_trial_matrix
P01_L010_T005,53678,13e3c37f6a3df3b40a41819afde69208e77bc955cdd0cac6c23c961e11fe87e0,data/raw/source_trials/p01_l010_t005.tsv.gz,raw_trial_matrix
P01_L010_T006,55203,87d8e0837fe67490608692ef26ac1d1dea60620acd9b7eb5e6bcd16b7253a928,data/raw/source_trials/p01_l010_t006.tsv.gz,raw_trial_matrix
P01_L010_T007,56118,6dc8e1cd299bded06bbd0b810d4cf7ad4eeb4274dc90b687c3102b825511d0ec,data/raw/source_trials/p01_l010_t007.tsv.gz,raw_trial_matrix
P01_L010_T008,60388,ea459dcae98d00fd18dad9708ad2a01dea093766c735ed30b1bdb38da601f2d4,data/raw/source_trials/p01_l010_t008.tsv.gz,raw_trial_matrix
P01_L010_M001,2360,e184ba944a6373b56bf004c05c0db7d5f065a0bcf659a96f29a1225c82bff3b9,data/raw/source_metadata/p01_l010_m001.tsv.gz,stimulus_metadata_sanitized
P01_L010_M002,2360,37bf362777642cdbc20e52dcbff4595bf70fbded3064436b7ab2e6607592c07a,data/raw/source_metadata/p01_l010_m002.tsv.gz,stimulus_metadata_sanitized
P01_L010_M003,2360,37bf362777642cdbc20e52dcbff4595bf70fbded3064436b7ab2e6607592c07a,data/raw/source_metadata/p01_l010_m003.tsv.gz,stimulus_metadata_sanitized
P01_L010_M004,2360,9d1f37ef705b05b8bbb00c25326640fd3dab3484f241a1ecabf98fe82d85aed8,data/raw/source_metadata/p01_l010_m004.tsv.gz,stimulus_metadata_sanitized
P01_L010_M005,2360,9d1f37ef705b05b8bbb00c25326640fd3dab3484f241a1ecabf98fe82d85aed8,data/raw/source_metadata/p01_l010_m005.tsv.gz,stimulus_metadata_sanitized
P01_L010_M006,2360,a49693354601f9a87d665284a251b2f5552a627108ad383f2daf979a3222e072,data/raw/source_metadata/p01_l010_m006.tsv.gz,stimulus_metadata_sanitized
P01_L010_M007,2360,a49693354601f9a87d665284a251b2f5552a627108ad383f2daf979a3222e072,data/raw/source_metadata/p01_l010_m007.tsv.gz,stimulus_metadata_sanitized
P01_L010_M008,2360,e184ba944a6373b56bf004c05c0db7d5f065a0bcf659a96f29a1225c82bff3b9,data/raw/source_metadata/p01_l010_m008.tsv.gz,stimulus_metadata_sanitized
P01_L010_BASE,186,3b848c68a90460f7b831a8772b23332bb4ddcdebef018b3acc0fe3c031d785f3,data/source/csf_baseline/p01_l010.tsv.gz,primary_csf_source
P01_L010_FIT,379747,132a934b6f6705576b39b0268e79f159bb243d0c52f3ee2f82b311b2c0db0a18,data/source/fitted_psf/p01_l010.tsv.gz,saved_psf_distribution
P01_L020_T001,60693,75c350eba9a62833925cb8d61891f0b1b57f9ed0bc6ea0f74395e73c291d98da,data/raw/source_trials/p01_l020_t001.tsv.gz,raw_trial_matrix
P01_L020_T002,57338,9787926b93eb010e9d1d8e303b1853e911c277ad8f12d3444052b414df590b53,data/raw/source_trials/p01_l020_t002.tsv.gz,raw_trial_matrix
P01_L020_T003,60998,4a26af40dadb5e20e7d87b9d07774ddfec448b103f0e51179977d2be01a5bea5,data/raw/source_trials/p01_l020_t003.tsv.gz,raw_trial_matrix
P01_L020_T004,59473,7ad245b83a58a03b4bdd6423b241dcd8fce3e7085d5c9717c77108b0033402db,data/raw/source_trials/p01_l020_t004.tsv.gz,raw_trial_matrix
P01_L020_T005,58253,f93a9bccdcb1fa5bf5ac847511155245a6ab7ae940cb6fcab925c7dd4893db1a,data/raw/source_trials/p01_l020_t005.tsv.gz,raw_trial_matrix
P01_L020_T006,52458,926e774c5d4de9ba8335ffba39669bb520c6c795f6e31876b6c2167837377700,data/raw/source_trials/p01_l020_t006.tsv.gz,raw_trial_matrix
P01_L020_T007,59168,d67bb18e315bbfc30510aaee4cd661e84c09665cc3601fadde839cc0991dc661,data/raw/source_trials/p01_l020_t007.tsv.gz,raw_trial_matrix
P01_L020_T008,57948,b34b36e5b4e0737e02d8acc06ac97043e2ef5436a92a932d301a0a97baef3e6f,data/raw/source_trials/p01_l020_t008.tsv.gz,raw_trial_matrix
P01_L020_M001,2360,07cea0819e4438608038eaeb8846794920d81839e74010b9fa4519de2c86f27b,data/raw/source_metadata/p01_l020_m001.tsv.gz,stimulus_metadata_sanitized
P01_L020_M002,2360,07cea0819e4438608038eaeb8846794920d81839e74010b9fa4519de2c86f27b,data/raw/source_metadata/p01_l020_m002.tsv.gz,stimulus_metadata_sanitized
P01_L020_M003,2360,07cea0819e4438608038eaeb8846794920d81839e74010b9fa4519de2c86f27b,data/raw/source_metadata/p01_l020_m003.tsv.gz,stimulus_metadata_sanitized
P01_L020_M004,2360,07cea0819e4438608038eaeb8846794920d81839e74010b9fa4519de2c86f27b,data/raw/source_metadata/p01_l020_m004.tsv.gz,stimulus_metadata_sanitized
P01_L020_M005,2360,07cea0819e4438608038eaeb8846794920d81839e74010b9fa4519de2c86f27b,data/raw/source_metadata/p01_l020_m005.tsv.gz,stimulus_metadata_sanitized
P01_L020_M006,2360,07cea0819e4438608038eaeb8846794920d81839e74010b9fa4519de2c86f27b,data/raw/source_metadata/p01_l020_m006.tsv.gz,stimulus_metadata_sanitized
P01_L020_M007,2360,07cea0819e4438608038eaeb8846794920d81839e74010b9fa4519de2c86f27b,data/raw/source_metadata/p01_l020_m007.tsv.gz,stimulus_metadata_sanitized
P01_L020_M008,2360,07cea0819e4438608038eaeb8846794920d81839e74010b9fa4519de2c86f27b,data/raw/source_metadata/p01_l020_m008.tsv.gz,stimulus_metadata_sanitized
P01_L020_BASE,189,ea4f90d08154fb86a7dcfcd10023e77bc400138fff81e1e3e4267839e62f9041,data/source/csf_baseline/p01_l020.tsv.gz,primary_csf_source
P01_L020_FIT,381353,4a87de6120f0dc0315584a319b4d719f3bdc5d3938c73a03067075194d9386b3,data/source/fitted_psf/p01_l020.tsv.gz,saved_psf_distribution
P01_L025_T001,50933,6cd52fcbacb3968ac17f8bfb19bef7354ecfca76f9d5c4c111d5769e11b6203d,data/raw/source_trials/p01_l025_t001.tsv.gz,raw_trial_matrix
P01_L025_T002,59778,86394729f4644ff2a38951e88c0be4eed7a4af9a61156fe86c2f52b187aa5be0,data/raw/source_trials/p01_l025_t002.tsv.gz,raw_trial_matrix
P01_L025_T003,53068,079b33df9c8e8a4eeeff3e87bac6f4501c8deb97fe677726eaf0eee7c5393ea1,data/raw/source_trials/p01_l025_t003.tsv.gz,raw_trial_matrix
P01_L025_T004,53678,ab7634f7a797c7c4b48aa316e463f40b6926116e8a2956b6952000f42baecaaf,data/raw/source_trials/p01_l025_t004.tsv.gz,raw_trial_matrix
P01_L025_T005,51848,dd6098c3a1a9263fdf6073602da4c088dd411d6a6ae16c61e4e737bbfc9be0fc,data/raw/source_trials/p01_l025_t005.tsv.gz,raw_trial_matrix
P01_L025_T006,58253,7120b7b7833f38871c7d620b2f315ffe33941889479759b3645a57f839264aa5,data/raw/source_trials/p01_l025_t006.tsv.gz,raw_trial_matrix
P01_L025_T007,54898,1a53146646dfa86e93f4f05e83750fce1c1a012ca409f1e0b156f0835286a220,data/raw/source_trials/p01_l025_t007.tsv.gz,raw_trial_matrix
P01_L025_T008,52153,9ed5a0e6d5c933ab9b6267adfb759a1f8061c2dd27cb8f70338db0ed2e9e1082,data/raw/source_trials/p01_l025_t008.tsv.gz,raw_trial_matrix
P01_L025_T009,50018,dd6f1a9e2ac895aa6bb315c0bf5937bfe4576db91dc3e467f703feffde6281bb,data/raw/source_trials/p01_l025_t009.tsv.gz,raw_trial_matrix
P01_L025_T010,55203,b21efb788594b369aab90f0233a700226e7d587974a02693055d40e8d9425b56,data/raw/source_trials/p01_l025_t010.tsv.gz,raw_trial_matrix
P01_L025_T011,53373,7fa98ffdbeca3a972257eda0deedd537bdc25c7696226c4ac18b8f82c865b1a2,data/raw/source_trials/p01_l025_t011.tsv.gz,raw_trial_matrix
P01_L025_M001,2360,8367229d0320c7d320ce844b39949f4910959068a0d7b03a9c5903807b1dc137,data/raw/source_metadata/p01_l025_m001.tsv.gz,stimulus_metadata_sanitized
P01_L025_M002,2360,8367229d0320c7d320ce844b39949f4910959068a0d7b03a9c5903807b1dc137,data/raw/source_metadata/p01_l025_m002.tsv.gz,stimulus_metadata_sanitized
P01_L025_M003,2360,8367229d0320c7d320ce844b39949f4910959068a0d7b03a9c5903807b1dc137,data/raw/source_metadata/p01_l025_m003.tsv.gz,stimulus_metadata_sanitized
P01_L025_M004,2360,8367229d0320c7d320ce844b39949f4910959068a0d7b03a9c5903807b1dc137,data/raw/source_metadata/p01_l025_m004.tsv.gz,stimulus_metadata_sanitized
P01_L025_M005,2360,8367229d0320c7d320ce844b39949f4910959068a0d7b03a9c5903807b1dc137,data/raw/source_metadata/p01_l025_m005.tsv.gz,stimulus_metadata_sanitized
P01_L025_M006,2360,c4086a7591f6b93d09485855023eb211089b3df18c4d1c10f5020565e069ff73,data/raw/source_metadata/p01_l025_m006.tsv.gz,stimulus_metadata_sanitized
P01_L025_M007,2360,5f542adefaa1c7de0358aac24867e7153e4ea2649ac9fb1712a8d48ac89167f3,data/raw/source_metadata/p01_l025_m007.tsv.gz,stimulus_metadata_sanitized
P01_L025_M008,2360,5f542adefaa1c7de0358aac24867e7153e4ea2649ac9fb1712a8d48ac89167f3,data/raw/source_metadata/p01_l025_m008.tsv.gz,stimulus_metadata_sanitized
P01_L025_M009,2360,5f542adefaa1c7de0358aac24867e7153e4ea2649ac9fb1712a8d48ac89167f3,data/raw/source_metadata/p01_l025_m009.tsv.gz,stimulus_metadata_sanitized
P01_L025_M010,2360,5f542adefaa1c7de0358aac24867e7153e4ea2649ac9fb1712a8d48ac89167f3,data/raw/source_metadata/p01_l025_m010.tsv.gz,stimulus_metadata_sanitized
P01_L025_M011,2360,8367229d0320c7d320ce844b39949f4910959068a0d7b03a9c5903807b1dc137,data/raw/source_metadata/p01_l025_m011.tsv.gz,stimulus_metadata_sanitized
P01_L025_BASE,282,39920b91324596d28b6074115c8de22514f7e9e89dd674ee6d1ce19f956ac9ff,data/source/csf_baseline/p01_l025.tsv.gz,primary_csf_source
P01_L025_FIT,384320,c122dcf5157efdd2e656eaeef1e519cb8f55345b23d194342a724d8a7fce857f,data/source/fitted_psf/p01_l025.tsv.gz,saved_psf_distribution
P01_L038_T001,60083,a29da22cdfca857b6abf8e09e00de024b6f918ac5303e869f6450a8bb06be706,data/raw/source_trials/p01_l038_t001.tsv.gz,raw_trial_matrix
P01_L038_T002,58253,87396733ec0a5bf82766ea0d1b5dafe38615b6f925996c94938d16d568f63c04,data/raw/source_trials/p01_l038_t002.tsv.gz,raw_trial_matrix
P01_L038_T003,55203,24bc4062b617723fffbdff514e755191f0f6073817f4a3d948a9a306ac49ac4b,data/raw/source_trials/p01_l038_t003.tsv.gz,raw_trial_matrix
P01_L038_T004,53373,eca20b705cb277ce4b24f0157f55fc2f1fc89b2cd23a90647529de45c7278a61,data/raw/source_trials/p01_l038_t004.tsv.gz,raw_trial_matrix
P01_L038_M001,2360,449be2feec7a75963b57e0a8f15bdb1156e9d10e8f2781331f5ec65a411ff263,data/raw/source_metadata/p01_l038_m001.tsv.gz,stimulus_metadata_sanitized
P01_L038_M002,2360,df2ed5784bcf14f8eb22a57e6cecc6d1be31387607da0c1b4b1fe3ab4e6cf9b6,data/raw/source_metadata/p01_l038_m002.tsv.gz,stimulus_metadata_sanitized
P01_L038_M003,2360,34c44b6e72c2be7b6ac9d79569e94b4e5736a15a519914d48aa7dc893a3805f9,data/raw/source_metadata/p01_l038_m003.tsv.gz,stimulus_metadata_sanitized
P01_L038_M004,2360,34c44b6e72c2be7b6ac9d79569e94b4e5736a15a519914d48aa7dc893a3805f9,data/raw/source_metadata/p01_l038_m004.tsv.gz,stimulus_metadata_sanitized
P01_L038_BASE,188,91f401d0f27b2d33085bbcfb5db05b01ffbba0f7dac58e78e1fb10fa8e0f1fcf,data/source/csf_baseline/p01_l038.tsv.gz,primary_csf_source
P01_L038_FIT,380202,1972345b0e424250269d1daf6cc10b803762687113227f5b8c3e93c914e34a97,data/source/fitted_psf/p01_l038.tsv.gz,saved_psf_distribution
P01_L050_T001,57948,2af38892e7b248d2695e2f44ac15bf740671225735b4668b395e39df0c3621a9,data/raw/source_trials/p01_l050_t001.tsv.gz,raw_trial_matrix
P01_L050_T002,50933,68b88ed7f79e9deed83ea6061aca55ea5da03bbc5ae8c55c279def5569a09d57,data/raw/source_trials/p01_l050_t002.tsv.gz,raw_trial_matrix
P01_L050_T003,55813,f812ffec9bbac0aefb5ae387a9f01abcbfc3bb1ad69bb3a1412bd88e6e3bc2c6,data/raw/source_trials/p01_l050_t003.tsv.gz,raw_trial_matrix
P01_L050_T004,54898,2b90ce211a486538324f0adfa71a7f180ec936f907099d2138037f1f5f8d8862,data/raw/source_trials/p01_l050_t004.tsv.gz,raw_trial_matrix
P01_L050_T005,54898,e438e206259372977e6feba3a817079521164e462afb894357546d0a3762ba52,data/raw/source_trials/p01_l050_t005.tsv.gz,raw_trial_matrix
P01_L050_T006,59473,b54fe2ffe1fe5947acb64f7d389d6615c60d98a93bb8d01611fd0c34ced1535a,data/raw/source_trials/p01_l050_t006.tsv.gz,raw_trial_matrix
P01_L050_M001,2360,91071f941a09fc2778523650706e7850250874bff8f14734876556f2760d1b2b,data/raw/source_metadata/p01_l050_m001.tsv.gz,stimulus_metadata_sanitized
P01_L050_M002,2360,91071f941a09fc2778523650706e7850250874bff8f14734876556f2760d1b2b,data/raw/source_metadata/p01_l050_m002.tsv.gz,stimulus_metadata_sanitized
P01_L050_M003,2360,8e7fcb50fe03e1d2cf792a2f7c3e6b1a141fafe2de4d8833501c1108aa615996,data/raw/source_metadata/p01_l050_m003.tsv.gz,stimulus_metadata_sanitized
P01_L050_M004,2360,8e7fcb50fe03e1d2cf792a2f7c3e6b1a141fafe2de4d8833501c1108aa615996,data/raw/source_metadata/p01_l050_m004.tsv.gz,stimulus_metadata_sanitized
P01_L050_M005,2360,8e7fcb50fe03e1d2cf792a2f7c3e6b1a141fafe2de4d8833501c1108aa615996,data/raw/source_metadata/p01_l050_m005.tsv.gz,stimulus_metadata_sanitized
P01_L050_M006,2360,8e7fcb50fe03e1d2cf792a2f7c3e6b1a141fafe2de4d8833501c1108aa615996,data/raw/source_metadata/p01_l050_m006.tsv.gz,stimulus_metadata_sanitized
P01_L050_BASE,189,7049d6ab8df23483ed18bc7933776fad1ce4ecfaf5f3a879acc02cddba74f56a,data/source/csf_baseline/p01_l050.tsv.gz,primary_csf_source
P01_L050_FIT,376713,23a1f8ecde5958881b8935b76fa987c88f641ad03e3f52b6b7b25934c688444d,data/source/fitted_psf/p01_l050.tsv.gz,saved_psf_distribution
P01_L072_T001,59168,542b7614cae8074cf7ca469ddf0e7ce00fbe8502fa272783e25a472296dabc7c,data/raw/source_trials/p01_l072_t001.tsv.gz,raw_trial_matrix
P01_L072_T002,56118,62fdfecec3426d34a41c7b3e423e9168a2bfed9c7ee611953218d75dfb6a4716,data/raw/source_trials/p01_l072_t002.tsv.gz,raw_trial_matrix
P01_L072_T003,60693,929ca4c5b7b9b52bf9577cc3901dc3202b6335cd6478a4940bddc104eff0b961,data/raw/source_trials/p01_l072_t003.tsv.gz,raw_trial_matrix
P01_L072_T004,63133,5305536ef66c787ac6cad8470c4cc36b21aade4f805dc54d4e3998c9c6f99b19,data/raw/source_trials/p01_l072_t004.tsv.gz,raw_trial_matrix
P01_L072_M001,2360,0f879f4ac36346395e30bd8d2e231145bff837b66b229b77f13736aeb1641ae3,data/raw/source_metadata/p01_l072_m001.tsv.gz,stimulus_metadata_sanitized
P01_L072_M002,2360,0f879f4ac36346395e30bd8d2e231145bff837b66b229b77f13736aeb1641ae3,data/raw/source_metadata/p01_l072_m002.tsv.gz,stimulus_metadata_sanitized
P01_L072_M003,2360,0f879f4ac36346395e30bd8d2e231145bff837b66b229b77f13736aeb1641ae3,data/raw/source_metadata/p01_l072_m003.tsv.gz,stimulus_metadata_sanitized
P01_L072_M004,2360,0f879f4ac36346395e30bd8d2e231145bff837b66b229b77f13736aeb1641ae3,data/raw/source_metadata/p01_l072_m004.tsv.gz,stimulus_metadata_sanitized
P01_L072_BASE,188,7bd9855b6de500ccb24025f6fa57118d8d84d271afc962d00807979d86a45f13,data/source/csf_baseline/p01_l072.tsv.gz,primary_csf_source
P01_L072_FIT,386608,7e81bfcb80a32367fdc52f5565388db78a4cf5167ea58e014304e9e6f7e5a897,data/source/fitted_psf/p01_l072.tsv.gz,saved_psf_distribution
P01_L100_T001,60693,3734c903ab23d618258b1e577532778215cdf453f808a37507b3121e3f94fd2a,data/raw/source_trials/p01_l100_t001.tsv.gz,raw_trial_matrix
P01_L100_T002,68928,65ef1d7d21db40d4a08da842f5ef8434979ee8296fbf0c04e4d65f3c928c1fb3,data/raw/source_trials/p01_l100_t002.tsv.gz,raw_trial_matrix
P01_L100_T003,64353,b1675733cb2eb4ec22ea26ed95e0eca455f80304ea942e756ce3471d23f1455f,data/raw/source_trials/p01_l100_t003.tsv.gz,raw_trial_matrix
P01_L100_T004,64353,cf8141ec04541776d322c00184d7ef88b9e4f0bac463eec0bc8ec55739731c19,data/raw/source_trials/p01_l100_t004.tsv.gz,raw_trial_matrix
P01_L100_M001,2360,512143693e9900ed5d3db9e580629e2b9056697d5b970fa37124385ba981b07f,data/raw/source_metadata/p01_l100_m001.tsv.gz,stimulus_metadata_sanitized
P01_L100_M002,2360,512143693e9900ed5d3db9e580629e2b9056697d5b970fa37124385ba981b07f,data/raw/source_metadata/p01_l100_m002.tsv.gz,stimulus_metadata_sanitized
P01_L100_M003,2360,df3ec6d03b71d1e4ef20c9b1c1b4791dbfecef95bc0a7e6cf4d93d13112d2740,data/raw/source_metadata/p01_l100_m003.tsv.gz,stimulus_metadata_sanitized
P01_L100_M004,2360,df3ec6d03b71d1e4ef20c9b1c1b4791dbfecef95bc0a7e6cf4d93d13112d2740,data/raw/source_metadata/p01_l100_m004.tsv.gz,stimulus_metadata_sanitized
P01_L100_BASE,188,5dc8a4a7d795ef67d92383488073b924e53328d9be859cdb1c47bd89bf08d722,data/source/csf_baseline/p01_l100.tsv.gz,primary_csf_source
P01_L100_FIT,389789,4df78dacb4a5c4e5c7ffe02574ce020d84fd590b288ad7913e8b19795a6067e3,data/source/fitted_psf/p01_l100.tsv.gz,saved_psf_distribution
P01_L149_T001,68318,a9ed54788a46ce7f5790492af8bf82951c11eb67bbceee37deb17f31b3f4a537,data/raw/source_trials/p01_l149_t001.tsv.gz,raw_trial_matrix
P01_L149_T002,67403,a762fed8ba82cf7aefd79e27bb311d12b0ba91183241dfb9c01ad47dccaecf01,data/raw/source_trials/p01_l149_t002.tsv.gz,raw_trial_matrix
P01_L149_T003,65268,4d4335820ced3d9d16f146ca9d1cfb5b17f89c49f7c80055c92c7f7f5e0c4cf4,data/raw/source_trials/p01_l149_t003.tsv.gz,raw_trial_matrix
P01_L149_T004,66793,4f0362aa4cb449cae3715c30d93e3000837c7ae5644401d108dc7cc4a6aed394,data/raw/source_trials/p01_l149_t004.tsv.gz,raw_trial_matrix
P01_L149_M001,2360,faa7f458439b9828d5d0be8b59955d95518203b390c1bfc0244f8180462a6fd4,data/raw/source_metadata/p01_l149_m001.tsv.gz,stimulus_metadata_sanitized
P01_L149_M002,2360,faa7f458439b9828d5d0be8b59955d95518203b390c1bfc0244f8180462a6fd4,data/raw/source_metadata/p01_l149_m002.tsv.gz,stimulus_metadata_sanitized
P01_L149_M003,2360,faa7f458439b9828d5d0be8b59955d95518203b390c1bfc0244f8180462a6fd4,data/raw/source_metadata/p01_l149_m003.tsv.gz,stimulus_metadata_sanitized
P01_L149_M004,2360,faa7f458439b9828d5d0be8b59955d95518203b390c1bfc0244f8180462a6fd4,data/raw/source_metadata/p01_l149_m004.tsv.gz,stimulus_metadata_sanitized
P01_L149_BASE,184,a2ccf9f7df8e5799d0847d8b7e3d3d811bd3f38675391892cb45e603bf11d86f,data/source/csf_baseline/p01_l149.tsv.gz,primary_csf_source
P01_L149_FIT,389995,e774a92606742e7f866fe056d499e4f4f3af1ae52591671eb042c3bad67b9952,data/source/fitted_psf/p01_l149.tsv.gz,saved_psf_distribution
P01_L200_T001,38175,4cea0fca545077be27bbd1109c5dbcd9d91de76fbe62b9cf5a89acd3f9614c39,data/raw/source_trials/p01_l200_t001.tsv.gz,raw_trial_matrix
P01_L200_T002,37929,a04b6277b3e783122a81719c1078165ecb866342d53b5878372d53510d96dd46,data/raw/source_trials/p01_l200_t002.tsv.gz,raw_trial_matrix
P01_L200_T003,39560,4283a8bacdb7696e57cb8cf31f92149f4b3090defe9fc547378b9b13c010cdda,data/raw/source_trials/p01_l200_t003.tsv.gz,raw_trial_matrix
P01_L200_T004,31935,ad44e6f1f17d3a06a8b56ed012c25d5a577dc307195a4cc66e10c53c78e659b9,data/raw/source_trials/p01_l200_t004.tsv.gz,raw_trial_matrix
P01_L200_T005,33759,1c77ac90eed3d3f73dd976c137e9ac3ee72912b5a8d513c0f9a6b6f677a775f6,data/raw/source_trials/p01_l200_t005.tsv.gz,raw_trial_matrix
P01_L200_M001,801,64d17cc752f326563cafbb302138b8b012ebb1e8042092a4057f691ec84a9251,data/raw/source_metadata/p01_l200_m001.tsv.gz,stimulus_metadata_sanitized
P01_L200_M002,778,4bcbf41b9aa8bcf4d9aacbb535d4bfcc4d36d1e4bdd333f2ef9785d56baccc0d,data/raw/source_metadata/p01_l200_m002.tsv.gz,stimulus_metadata_sanitized
P01_L200_M003,778,4bcbf41b9aa8bcf4d9aacbb535d4bfcc4d36d1e4bdd333f2ef9785d56baccc0d,data/raw/source_metadata/p01_l200_m003.tsv.gz,stimulus_metadata_sanitized
P01_L200_M004,778,ed33d0df675b567a21188b6b83ee9506536e198518be8ab5d52086e1d0f4f413,data/raw/source_metadata/p01_l200_m004.tsv.gz,stimulus_metadata_sanitized
P01_L200_M005,805,400c8d2df98666dfe5ff3083683405794eed39ac277e81e4c5b6bdd2e86e2c96,data/raw/source_metadata/p01_l200_m005.tsv.gz,stimulus_metadata_sanitized
P01_L200_BASE,176,ceecbcac7d7db80d5d2e599b12ce356418a767572294bc2865a05c0f34ac5ca1,data/source/csf_baseline/p01_l200.tsv.gz,primary_csf_source
P01_L200_FIT,389998,fb4a83dbaef0b294f3d351a377b669e757b6bcaa089e605efcb2a073243da7b1,data/source/fitted_psf/p01_l200.tsv.gz,saved_psf_distribution
P01_L300_T001,22498,fd7e8e59bd6cf86ffd399d976a9dc77a779f8f5f48160bdba74a9f679100c925,data/raw/source_trials/p01_l300_t001.tsv.gz,raw_trial_matrix
P01_L300_T002,28814,7658d96d18b8e839e924a5ab2a0e89c46bdc103f649a9c52ebcc23506136d943,data/raw/source_trials/p01_l300_t002.tsv.gz,raw_trial_matrix
P01_L300_T003,30165,c1c58bf4b8e3449ce907cfbe45c1abd064956e10f5e73c79b40bd7c638c6cb40,data/raw/source_trials/p01_l300_t003.tsv.gz,raw_trial_matrix
P01_L300_T004,19427,6fd16207b90247073d34eb0d41b92a95beb6aad55495d70d4611df64e433453f,data/raw/source_trials/p01_l300_t004.tsv.gz,raw_trial_matrix
P01_L300_T005,19431,0f9d6a7c59337ecbb4619a64cb878cd22b42db1323515a7321d88c97cf0ee3b3,data/raw/source_trials/p01_l300_t005.tsv.gz,raw_trial_matrix
P01_L300_M001,799,8424d59340131acd3b35f0201884f5a6117b57ae599e523325ce4f3f6fabb242,data/raw/source_metadata/p01_l300_m001.tsv.gz,stimulus_metadata_sanitized
P01_L300_M002,776,124543d080b84d1b6decc57c2d56f6822da3b69eba24063d326254cea0852094,data/raw/source_metadata/p01_l300_m002.tsv.gz,stimulus_metadata_sanitized
P01_L300_M003,776,124543d080b84d1b6decc57c2d56f6822da3b69eba24063d326254cea0852094,data/raw/source_metadata/p01_l300_m003.tsv.gz,stimulus_metadata_sanitized
P01_L300_M004,821,26fb3243f5c1761547f5efa8f53433616d0db8e694fa2b35695a08b2bb81ff22,data/raw/source_metadata/p01_l300_m004.tsv.gz,stimulus_metadata_sanitized
P01_L300_M005,821,6f67d25a329f412102796cd1e498734f6c1148c3ce5fb08bc8e4d776a5e274ec,data/raw/source_metadata/p01_l300_m005.tsv.gz,stimulus_metadata_sanitized
P01_L300_BASE,175,08c842901ed429a251de3e10e3abb401b091063eec0c422d142d5d7db27f33f4,data/source/csf_baseline/p01_l300.tsv.gz,primary_csf_source
P01_L300_FIT,377699,e6ab0f492ae7cc11e22794af102bbe9365f871c306b6f2bc6eecfc2854d129b3,data/source/fitted_psf/p01_l300.tsv.gz,saved_psf_distribution
P01_L370_T001,56728,aacfe10d971e84879a5f904180431992b17d7952d87e974402d0aa27b791eb2f,data/raw/source_trials/p01_l370_t001.tsv.gz,raw_trial_matrix
P01_L370_T002,58558,93c075abb32e3d77f14cd27d3cdcab6a5e42d55bbd80ed4e9d9179f142967c28,data/raw/source_trials/p01_l370_t002.tsv.gz,raw_trial_matrix
P01_L370_T003,61608,a75eda9fa8e4ebd59ce829e3e570b23870867525f799b387103827d4505e85a3,data/raw/source_trials/p01_l370_t003.tsv.gz,raw_trial_matrix
P01_L370_T004,56423,1e1cdc83a8639a7e1e23c5e2aee025f296dc201a01bd68190140b31a4772c1c7,data/raw/source_trials/p01_l370_t004.tsv.gz,raw_trial_matrix
P01_L370_M001,2360,d2e2191bdf401086a304620267ac79fe83904af506a72ca706eac31435eac28b,data/raw/source_metadata/p01_l370_m001.tsv.gz,stimulus_metadata_sanitized
P01_L370_M002,2360,d2e2191bdf401086a304620267ac79fe83904af506a72ca706eac31435eac28b,data/raw/source_metadata/p01_l370_m002.tsv.gz,stimulus_metadata_sanitized
P01_L370_M003,2360,d2e2191bdf401086a304620267ac79fe83904af506a72ca706eac31435eac28b,data/raw/source_metadata/p01_l370_m003.tsv.gz,stimulus_metadata_sanitized
P01_L370_M004,2360,d2e2191bdf401086a304620267ac79fe83904af506a72ca706eac31435eac28b,data/raw/source_metadata/p01_l370_m004.tsv.gz,stimulus_metadata_sanitized
P01_L370_BASE,188,0ca3fa3fd667c1d368d381117920b92f05b0ad0f959c9a470554db870ebdf7a8,data/source/csf_baseline/p01_l370.tsv.gz,primary_csf_source
P01_L370_FIT,373431,c8f315673885e0406ed72ee70ccad792946351cee54f5cabe7620c889b8f5d6d,data/source/fitted_psf/p01_l370.tsv.gz,saved_psf_distribution
P01_L403_T001,61303,8fe5ad196ec537bb5827d49467a2ea1c8eebf25feef8cfaa9135d328a2865a74,data/raw/source_trials/p01_l403_t001.tsv.gz,raw_trial_matrix
P01_L403_T002,57033,b3c41e1e5dc48ce563aa460bf0e48749a2ad3e5c70e633294c4a51b2fb5b61e8,data/raw/source_trials/p01_l403_t002.tsv.gz,raw_trial_matrix
P01_L403_T003,50628,af4f8dc5bbcb5e2667535dfb31370afd731868a4e4175ef37b3a4d6ff8f25364,data/raw/source_trials/p01_l403_t003.tsv.gz,raw_trial_matrix
P01_L403_T004,56423,3674cc3126f8c2d0771922e4859e449cae66e2442c410c1bc32e851c5192f7b1,data/raw/source_trials/p01_l403_t004.tsv.gz,raw_trial_matrix
P01_L403_M001,2360,3be3c4fe3eb7889bfd8c954c338c89918fc0fb30193f0377bea6ac869d356407,data/raw/source_metadata/p01_l403_m001.tsv.gz,stimulus_metadata_sanitized
P01_L403_M002,2360,daba5b35d64ad42b0efad47fb57e935fb60458f4973717d23af728f975f590d5,data/raw/source_metadata/p01_l403_m002.tsv.gz,stimulus_metadata_sanitized
P01_L403_M003,2360,daba5b35d64ad42b0efad47fb57e935fb60458f4973717d23af728f975f590d5,data/raw/source_metadata/p01_l403_m003.tsv.gz,stimulus_metadata_sanitized
P01_L403_M004,2360,daba5b35d64ad42b0efad47fb57e935fb60458f4973717d23af728f975f590d5,data/raw/source_metadata/p01_l403_m004.tsv.gz,stimulus_metadata_sanitized
P01_L403_BASE,185,c2dc9bd51a636a1b919c41f59b18fa03b85146adf4fa05a597ca4fef2cdb930e,data/source/csf_baseline/p01_l403.tsv.gz,primary_csf_source
P01_L403_FIT,377930,18265a26bad6ea64e061925b09c0e38da28d38d62b8b3c53e5733fc6377506b6,data/source/fitted_psf/p01_l403.tsv.gz,saved_psf_distribution
P02_L010_T001,35378,d170fea88c4122e8f99934166424e3b914928710befb4ffff5f7ad4739583f75,data/raw/source_trials/p02_l010_t001.tsv.gz,raw_trial_matrix
P02_L010_T002,41173,1c81ecab1980c32dc67057343992cecf3f514da83ca6be693043628222a5cde7,data/raw/source_trials/p02_l010_t002.tsv.gz,raw_trial_matrix
P02_L010_T003,30498,ea937d215f09f871e9888d236af4db6c6392f2d85a7c72a833553a28186ef0ad,data/raw/source_trials/p02_l010_t003.tsv.gz,raw_trial_matrix
P02_L010_T004,28668,176cc3668207fa0153c38614e3272fae05487361abc5ddab5ae4f872de75b290,data/raw/source_trials/p02_l010_t004.tsv.gz,raw_trial_matrix
P02_L010_T005,23178,57109f85a916bb397770b210f5ca76f4b356061b00382e3faf6aaedf1da1797d,data/raw/source_trials/p02_l010_t005.tsv.gz,raw_trial_matrix
P02_L010_T006,45748,2bce2bc7e44e527fd00120048a384289d3594a1932d55cf3a31b28faf47cb7cf,data/raw/source_trials/p02_l010_t006.tsv.gz,raw_trial_matrix
P02_L010_T007,47883,0eff6cefc57d4858bb3476350eee951d1bf1bfaeb82a0a6a8e6998d7805e2a60,data/raw/source_trials/p02_l010_t007.tsv.gz,raw_trial_matrix
P02_L010_T008,56118,8f3e0ad081f484efa0615809be3824346e892b301290b5df51a3575110000e42,data/raw/source_trials/p02_l010_t008.tsv.gz,raw_trial_matrix
P02_L010_T009,57033,230c69780e02a51d8c050d60a1781d64e6a09e5493dbe5c72ac1233acbeba137,data/raw/source_trials/p02_l010_t009.tsv.gz,raw_trial_matrix
P02_L010_T010,43918,19240cec5b4b2da4bbc6ea26cfb0d0d80858f96fb79007e6c6e8ced8b6992f19,data/raw/source_trials/p02_l010_t010.tsv.gz,raw_trial_matrix
P02_L010_T011,36293,c286444a34dce6c1fef81422eaf6ea801f16ebf652f0882227b2926d9287f844,data/raw/source_trials/p02_l010_t011.tsv.gz,raw_trial_matrix
P02_L010_T012,36293,ece0c1f79bb13c03a8a42e9038f4cd750caa776e61557c14020b557368a38993,data/raw/source_trials/p02_l010_t012.tsv.gz,raw_trial_matrix
P02_L010_M001,2240,40c813cb87299507c7b14e267385e48f52adde625bd288f022ffede8cc6add33,data/raw/source_metadata/p02_l010_m001.tsv.gz,stimulus_metadata_sanitized
P02_L010_M002,2240,40c813cb87299507c7b14e267385e48f52adde625bd288f022ffede8cc6add33,data/raw/source_metadata/p02_l010_m002.tsv.gz,stimulus_metadata_sanitized
P02_L010_M003,2240,40c813cb87299507c7b14e267385e48f52adde625bd288f022ffede8cc6add33,data/raw/source_metadata/p02_l010_m003.tsv.gz,stimulus_metadata_sanitized
P02_L010_M004,2240,40c813cb87299507c7b14e267385e48f52adde625bd288f022ffede8cc6add33,data/raw/source_metadata/p02_l010_m004.tsv.gz,stimulus_metadata_sanitized
P02_L010_M005,2240,40c813cb87299507c7b14e267385e48f52adde625bd288f022ffede8cc6add33,data/raw/source_metadata/p02_l010_m005.tsv.gz,stimulus_metadata_sanitized
P02_L010_M006,2240,ffe43c65c1336061717a9239a4378a3983960dbde72df0def3e67d6528ad4268,data/raw/source_metadata/p02_l010_m006.tsv.gz,stimulus_metadata_sanitized
P02_L010_M007,2240,ffe43c65c1336061717a9239a4378a3983960dbde72df0def3e67d6528ad4268,data/raw/source_metadata/p02_l010_m007.tsv.gz,stimulus_metadata_sanitized
P02_L010_M008,2240,ffe43c65c1336061717a9239a4378a3983960dbde72df0def3e67d6528ad4268,data/raw/source_metadata/p02_l010_m008.tsv.gz,stimulus_metadata_sanitized
P02_L010_M009,2240,ffe43c65c1336061717a9239a4378a3983960dbde72df0def3e67d6528ad4268,data/raw/source_metadata/p02_l010_m009.tsv.gz,stimulus_metadata_sanitized
P02_L010_M010,2240,ffe43c65c1336061717a9239a4378a3983960dbde72df0def3e67d6528ad4268,data/raw/source_metadata/p02_l010_m010.tsv.gz,stimulus_metadata_sanitized
P02_L010_M011,2240,40c813cb87299507c7b14e267385e48f52adde625bd288f022ffede8cc6add33,data/raw/source_metadata/p02_l010_m011.tsv.gz,stimulus_metadata_sanitized
P02_L010_M012,2240,40c813cb87299507c7b14e267385e48f52adde625bd288f022ffede8cc6add33,data/raw/source_metadata/p02_l010_m012.tsv.gz,stimulus_metadata_sanitized
P02_L010_BASE,212,3def0d2b9e1fb0e4c8aad223dce14fce586662e37b0ec5ba9318e87d09683898,data/source/csf_baseline/p02_l010.tsv.gz,primary_csf_source
P02_L010_FIT,379963,f5d463d0a9cf3aa9f0f05fc82807c6dbe56950c86652f98945550558fac22be6,data/source/fitted_psf/p02_l010.tsv.gz,saved_psf_distribution
P02_L026_T001,38733,59cbb928156015ed24d08ddc6b2834520d55af5b4e3c95f31b62af5e304bb46c,data/raw/source_trials/p02_l026_t001.tsv.gz,raw_trial_matrix
P02_L026_T002,60083,571bed3c93bfea6d31edcb7690efdeaef57232520a331f546efd4ae254e2778a,data/raw/source_trials/p02_l026_t002.tsv.gz,raw_trial_matrix
P02_L026_T003,54898,23f73276d21e764af89aac8cc7b7b82497c0a29596d6fc2591046a7705bfee49,data/raw/source_trials/p02_l026_t003.tsv.gz,raw_trial_matrix
P02_L026_T004,46968,ca32ef5be6737d31072f6d9e4b5fecf0f90f48cea1e130f06a8f4ca93fc7b65d,data/raw/source_trials/p02_l026_t004.tsv.gz,raw_trial_matrix
P02_L026_T005,50323,73e0c8d30229960eee5ef756a5521da798d56e058afa2621b96cbab2e2ca40dd,data/raw/source_trials/p02_l026_t005.tsv.gz,raw_trial_matrix
P02_L026_T006,36598,3cf576996336e4c40df4b53d55ab5786aa4057ab3ab41bb4a3e356e0b901e32c,data/raw/source_trials/p02_l026_t006.tsv.gz,raw_trial_matrix
P02_L026_T007,38123,b4a201bc3d3ec241d1ef6266a941146c96e84ac16b0eb867a7745f42badf822a,data/raw/source_trials/p02_l026_t007.tsv.gz,raw_trial_matrix
P02_L026_T008,33548,bfe569b292d263e42138052b60161ea7de0c1ecae65178fc3f044f8b70fc3b3b,data/raw/source_trials/p02_l026_t008.tsv.gz,raw_trial_matrix
P02_L026_M001,2240,25d431f46919df039884588743968cde3992e8a1212f4dc67a4aa7272061efc9,data/raw/source_metadata/p02_l026_m001.tsv.gz,stimulus_metadata_sanitized
P02_L026_M002,2240,c3b559bda31304ef6c6858eaafbe34cbfb5e0a8f3b24e1f222b99fc5af36eddf,data/raw/source_metadata/p02_l026_m002.tsv.gz,stimulus_metadata_sanitized
P02_L026_M003,2240,c3b559bda31304ef6c6858eaafbe34cbfb5e0a8f3b24e1f222b99fc5af36eddf,data/raw/source_metadata/p02_l026_m003.tsv.gz,stimulus_metadata_sanitized
P02_L026_M004,2240,3f92e5bc35e141e4ba977a946975c2c7b102b998e15124041a5fcc720fc9588f,data/raw/source_metadata/p02_l026_m004.tsv.gz,stimulus_metadata_sanitized
P02_L026_M005,2240,3f92e5bc35e141e4ba977a946975c2c7b102b998e15124041a5fcc720fc9588f,data/raw/source_metadata/p02_l026_m005.tsv.gz,stimulus_metadata_sanitized
P02_L026_M006,2240,c0d72a6abb6c4ef48550b1fc4834beb53a29894fc8be5db7ec3d3461f7bb3adb,data/raw/source_metadata/p02_l026_m006.tsv.gz,stimulus_metadata_sanitized
P02_L026_M007,2240,c0d72a6abb6c4ef48550b1fc4834beb53a29894fc8be5db7ec3d3461f7bb3adb,data/raw/source_metadata/p02_l026_m007.tsv.gz,stimulus_metadata_sanitized
P02_L026_M008,2240,25d431f46919df039884588743968cde3992e8a1212f4dc67a4aa7272061efc9,data/raw/source_metadata/p02_l026_m008.tsv.gz,stimulus_metadata_sanitized
P02_L026_BASE,163,1c26c9a24519457de1fbdcdfdd6940f38685b5f3f3843bc687e398d68b31b141,data/source/csf_baseline/p02_l026.tsv.gz,primary_csf_source
P02_L026_FIT,380351,647e3e067487626f9d99fdf354d3a1d678ff91316c3f9361c05628bb85fa92e6,data/source/fitted_psf/p02_l026.tsv.gz,saved_psf_distribution
P02_L049_T001,67098,f77ed0abe46d497835c298d38cca92374ad617e5495e0ac12eb7d204845f42a8,data/raw/source_trials/p02_l049_t001.tsv.gz,raw_trial_matrix
P02_L049_T002,67098,1dc22a2a8f7779bbd37a8fc91c7d01ba7244b040f393c048865255911d34978d,data/raw/source_trials/p02_l049_t002.tsv.gz,raw_trial_matrix
P02_L049_T003,72283,53dbf08e7d9b259c1c58bf10d197cebdd40153e35b2c60bd6f4ea059a6190191,data/raw/source_trials/p02_l049_t003.tsv.gz,raw_trial_matrix
P02_L049_T004,62828,b053d80e57ca2769198615ce179392db2a3f544be1ed85f55399e77b84253522,data/raw/source_trials/p02_l049_t004.tsv.gz,raw_trial_matrix
P02_L049_T005,71368,e06c666e13937fbde20b8c2fa095bd20977ec498d44e060da1230e1379463bc7,data/raw/source_trials/p02_l049_t005.tsv.gz,raw_trial_matrix
P02_L049_T006,59778,db79fb92bc38b0e6ff2dd83912fcb9d1a279225cd0cf36662ed6cb6c8943e33d,data/raw/source_trials/p02_l049_t006.tsv.gz,raw_trial_matrix
P02_L049_T007,68013,770b057c0363420fc05acd0d72106656c5043b7b9fdcf02fceb60f534d710385,data/raw/source_trials/p02_l049_t007.tsv.gz,raw_trial_matrix
P02_L049_T008,70758,46c70e9d643892b5e62bfa378c6fdec4c79e0aba8cfeea876445bc1ca7aac15e,data/raw/source_trials/p02_l049_t008.tsv.gz,raw_trial_matrix
P02_L049_M001,2360,30a9b631f6c606644ddc7add8fd3fe074f00097f45b17f291dbe8d64cbc06971,data/raw/source_metadata/p02_l049_m001.tsv.gz,stimulus_metadata_sanitized
P02_L049_M002,2360,30a9b631f6c606644ddc7add8fd3fe074f00097f45b17f291dbe8d64cbc06971,data/raw/source_metadata/p02_l049_m002.tsv.gz,stimulus_metadata_sanitized
P02_L049_M003,2360,8a75c4de5a6e17a4c557c77b6f54575f079e7942f34818b7a76b3c99a922942e,data/raw/source_metadata/p02_l049_m003.tsv.gz,stimulus_metadata_sanitized
P02_L049_M004,2360,8a75c4de5a6e17a4c557c77b6f54575f079e7942f34818b7a76b3c99a922942e,data/raw/source_metadata/p02_l049_m004.tsv.gz,stimulus_metadata_sanitized
P02_L049_M005,2360,0660e19230c0c6df9f275288b8ab1fe34616a89a97d1e87f90ccad1b84bacc04,data/raw/source_metadata/p02_l049_m005.tsv.gz,stimulus_metadata_sanitized
P02_L049_M006,2360,4ad0168325e7befd18b5ac74223f0ae9e10133cd3d590a8934565e70101fd9c8,data/raw/source_metadata/p02_l049_m006.tsv.gz,stimulus_metadata_sanitized
P02_L049_M007,2360,30a9b631f6c606644ddc7add8fd3fe074f00097f45b17f291dbe8d64cbc06971,data/raw/source_metadata/p02_l049_m007.tsv.gz,stimulus_metadata_sanitized
P02_L049_M008,2360,30a9b631f6c606644ddc7add8fd3fe074f00097f45b17f291dbe8d64cbc06971,data/raw/source_metadata/p02_l049_m008.tsv.gz,stimulus_metadata_sanitized
P02_L049_BASE,185,0f6f5d9a14e5dc2d78c08c95fc1ada8bf0b177235b8e98fd6370b52cc1d74319,data/source/csf_baseline/p02_l049.tsv.gz,primary_csf_source
P02_L049_FIT,385141,77eb0b55b36e4d1b090d507a490830ec48f7a5fe8385443e3e1b866ddbe195bc,data/source/fitted_psf/p02_l049.tsv.gz,saved_psf_distribution
P02_L100_T001,65878,4b7306115361389d21aa9d21c1739c624b287f3a39b94fd17ac4fdd1899bdbea,data/raw/source_trials/p02_l100_t001.tsv.gz,raw_trial_matrix
P02_L100_T002,64963,976ae19e3aee16fbd103e211993277f48bd8e7d60ded28989ae79da7c5f3f630,data/raw/source_trials/p02_l100_t002.tsv.gz,raw_trial_matrix
P02_L100_T003,61608,960239f4428265e28396195d9bca6e8aa7bb67228bffe9f57034eae0ee856bb8,data/raw/source_trials/p02_l100_t003.tsv.gz,raw_trial_matrix
P02_L100_T004,71368,e93a7e30e91414964e68578361412f0958edc47bcbb194ddcfe896a078bd0673,data/raw/source_trials/p02_l100_t004.tsv.gz,raw_trial_matrix
P02_L100_T005,63438,a1f67093a66459853a65080adce3ef95abdc6198203f911973baf3c1e4afc9dc,data/raw/source_trials/p02_l100_t005.tsv.gz,raw_trial_matrix
P02_L100_T006,66793,e5016c496f82298d014a304be33405e0d677f271fb1d8b0c9db72a8084fe5b53,data/raw/source_trials/p02_l100_t006.tsv.gz,raw_trial_matrix
P02_L100_T007,65878,163c847c43f7539e1ae2f7ab4f44e9709ff06b23b68b8de810450d24c5356b4b,data/raw/source_trials/p02_l100_t007.tsv.gz,raw_trial_matrix
P02_L100_T008,62218,8c5f8441a7385ac07c79b67b015663bdd8e8df09131d876fae57bf08f5b278a5,data/raw/source_trials/p02_l100_t008.tsv.gz,raw_trial_matrix
P02_L100_M001,2360,b7c7e59dbd92e6a4d2fa982ee9c37e6bfd6c7fe46b2452a72e0d3b971ad049eb,data/raw/source_metadata/p02_l100_m001.tsv.gz,stimulus_metadata_sanitized
P02_L100_M002,2360,b7c7e59dbd92e6a4d2fa982ee9c37e6bfd6c7fe46b2452a72e0d3b971ad049eb,data/raw/source_metadata/p02_l100_m002.tsv.gz,stimulus_metadata_sanitized
P02_L100_M003,2360,a6083bce786531c9a22ad7ad1d425ba6fbe21988efeff1b276c7f2523a324b3a,data/raw/source_metadata/p02_l100_m003.tsv.gz,stimulus_metadata_sanitized
P02_L100_M004,2360,a6083bce786531c9a22ad7ad1d425ba6fbe21988efeff1b276c7f2523a324b3a,data/raw/source_metadata/p02_l100_m004.tsv.gz,stimulus_metadata_sanitized
P02_L100_M005,2360,a6083bce786531c9a22ad7ad1d425ba6fbe21988efeff1b276c7f2523a324b3a,data/raw/source_metadata/p02_l100_m005.tsv.gz,stimulus_metadata_sanitized
P02_L100_M006,2360,a6083bce786531c9a22ad7ad1d425ba6fbe21988efeff1b276c7f2523a324b3a,data/raw/source_metadata/p02_l100_m006.tsv.gz,stimulus_metadata_sanitized
P02_L100_M007,2360,b84f68cc07ab7363f94a2d5510470ca59a269085c5b8892d7be499888a5b915c,data/raw/source_metadata/p02_l100_m007.tsv.gz,stimulus_metadata_sanitized
P02_L100_M008,2360,b84f68cc07ab7363f94a2d5510470ca59a269085c5b8892d7be499888a5b915c,data/raw/source_metadata/p02_l100_m008.tsv.gz,stimulus_metadata_sanitized
P02_L100_BASE,188,ac17e1316855cf64338a5a4cd2dc5e16f505ba8cdf091411197b3fce62bdbf0a,data/source/csf_baseline/p02_l100.tsv.gz,primary_csf_source
P02_L100_FIT,389998,c7d9eb3cd82f7b8f07d40cbf7ed75778699dbf56e874560696eb340ff491c166,data/source/fitted_psf/p02_l100.tsv.gz,saved_psf_distribution
P02_L204_T001,64658,777533f5d82f3c960ffc350076b667176d34cb01e25b6ac1583e040e029078a4,data/raw/source_trials/p02_l204_t001.tsv.gz,raw_trial_matrix
P02_L204_T002,71673,b1990704f3287ab333d13587a1d901d15261eee28facfa28cfa943237b544a3e,data/raw/source_trials/p02_l204_t002.tsv.gz,raw_trial_matrix
P02_L204_T003,72893,fff684761b380bab767a12a3f19f8e88f6d3664babb681dcd666afcfe8d63fb2,data/raw/source_trials/p02_l204_t003.tsv.gz,raw_trial_matrix
P02_L204_T004,66793,864f4721a591976e258e0d755060858381e465771ff4abf9016f4295fc955e59,data/raw/source_trials/p02_l204_t004.tsv.gz,raw_trial_matrix
P02_L204_M001,2360,599c4865c1bb8a8990ee82f8ea0151602a91d69d12759fc5ff33622d8d43b897,data/raw/source_metadata/p02_l204_m001.tsv.gz,stimulus_metadata_sanitized
P02_L204_M002,2360,599c4865c1bb8a8990ee82f8ea0151602a91d69d12759fc5ff33622d8d43b897,data/raw/source_metadata/p02_l204_m002.tsv.gz,stimulus_metadata_sanitized
P02_L204_M003,2360,599c4865c1bb8a8990ee82f8ea0151602a91d69d12759fc5ff33622d8d43b897,data/raw/source_metadata/p02_l204_m003.tsv.gz,stimulus_metadata_sanitized
P02_L204_M004,2360,599c4865c1bb8a8990ee82f8ea0151602a91d69d12759fc5ff33622d8d43b897,data/raw/source_metadata/p02_l204_m004.tsv.gz,stimulus_metadata_sanitized
P02_L204_BASE,187,5e36cf6ae466374e1faad928e3474ff3876a5a60b6753b7225824f3a0cdaf30c,data/source/csf_baseline/p02_l204.tsv.gz,primary_csf_source
P02_L204_FIT,389998,3db15c7bc05bfc4d57402a8164eb7d5547dd717b7fe64e382033c73eca81c2eb,data/source/fitted_psf/p02_l204.tsv.gz,saved_psf_distribution
P02_L300_T001,56118,5ef49e93e1096c68b6a2f288b9604f1f2ea7995ef505e37eec19fd1b1c9daadf,data/raw/source_trials/p02_l300_t001.tsv.gz,raw_trial_matrix
P02_L300_T002,64048,dfa2342a47be44995c60f740dbd01fcec19b41d5212ffcc6fa69475a69d2cf60,data/raw/source_trials/p02_l300_t002.tsv.gz,raw_trial_matrix
P02_L300_T003,59473,f30831513e8dcceead05020096c37852fec3b0cae97b9168e8e1479251143521,data/raw/source_trials/p02_l300_t003.tsv.gz,raw_trial_matrix
P02_L300_T004,64048,606ff675f33323036f75684a4d52787de9dbf4fc7e510c5532500753e3bd148e,data/raw/source_trials/p02_l300_t004.tsv.gz,raw_trial_matrix
P02_L300_M001,2360,256f1acead21b098ba4ad5cd24e6f3e44c96000fbb7bbd329407689515b85af3,data/raw/source_metadata/p02_l300_m001.tsv.gz,stimulus_metadata_sanitized
P02_L300_M002,2360,256f1acead21b098ba4ad5cd24e6f3e44c96000fbb7bbd329407689515b85af3,data/raw/source_metadata/p02_l300_m002.tsv.gz,stimulus_metadata_sanitized
P02_L300_M003,2360,256f1acead21b098ba4ad5cd24e6f3e44c96000fbb7bbd329407689515b85af3,data/raw/source_metadata/p02_l300_m003.tsv.gz,stimulus_metadata_sanitized
P02_L300_M004,2360,256f1acead21b098ba4ad5cd24e6f3e44c96000fbb7bbd329407689515b85af3,data/raw/source_metadata/p02_l300_m004.tsv.gz,stimulus_metadata_sanitized
P02_L300_BASE,186,9dd32dac19da84b4c1f06bfaff613d8e518c502f1aa36f609eb0567e87291d8e,data/source/csf_baseline/p02_l300.tsv.gz,primary_csf_source
P02_L300_FIT,375764,42c0c81f3813e5ee75df6ba9044f5d5582b603998c1ba09edf31246bf2288757,data/source/fitted_psf/p02_l300.tsv.gz,saved_psf_distribution
P03_L010_T001,54593,7943a5d48a26b8f7684ee7299713b5f2c30630092cd65b17f2cd5852aed5fc61,data/raw/source_trials/p03_l010_t001.tsv.gz,raw_trial_matrix
P03_L010_T002,65573,95f43a5850102a333705996e699fb74628c32b9fdfcd4d283d8cd6a76583cc51,data/raw/source_trials/p03_l010_t002.tsv.gz,raw_trial_matrix
P03_L010_T003,50933,9d73f32805a8c0039dd91df6384c06bf7f6b13124ad6a02e52ea14bfe23ccdce,data/raw/source_trials/p03_l010_t003.tsv.gz,raw_trial_matrix
P03_L010_T004,60388,0cafef753b1b29b60745a05365a3f2a86a647a62425df55f9d336d62ba2b0d38,data/raw/source_trials/p03_l010_t004.tsv.gz,raw_trial_matrix
P03_L010_T005,57948,834a4533c79477a8100f5a219860551f66a22cd32e2d6195383697d78bd1a4b3,data/raw/source_trials/p03_l010_t005.tsv.gz,raw_trial_matrix
P03_L010_T006,53983,cd6e0d006948ae622434f543853b507638eb34c2754c25e5665067084e9d4874,data/raw/source_trials/p03_l010_t006.tsv.gz,raw_trial_matrix
P03_L010_T007,61913,5e221d940cffd749e35761e6e96b8928b83fbba398bf02dc622212738d1bddd3,data/raw/source_trials/p03_l010_t007.tsv.gz,raw_trial_matrix
P03_L010_T008,53068,5d6bdcd2acc2bb72eac1b58a00e58739015a5b99fc69c88fdc3adb89c49d43c2,data/raw/source_trials/p03_l010_t008.tsv.gz,raw_trial_matrix
P03_L010_M001,2360,ac944feb0e2145b1adeed094d15a2bdff712af2ea8da44a3211934a3b9beee52,data/raw/source_metadata/p03_l010_m001.tsv.gz,stimulus_metadata_sanitized
P03_L010_M002,2360,ceb578fb33108ce9fc261759a9b5173f2092896dbbcd02062f2f4311c83464b5,data/raw/source_metadata/p03_l010_m002.tsv.gz,stimulus_metadata_sanitized
P03_L010_M003,2360,c0ab4e5352b6018d168e57bee2797b87a8f667753c1c37c97ec16c99aea2cb08,data/raw/source_metadata/p03_l010_m003.tsv.gz,stimulus_metadata_sanitized
P03_L010_M004,2360,99669b7f6871f5eebbd94dea4a457ace6a0a42913d38ba224911faa457b0139b,data/raw/source_metadata/p03_l010_m004.tsv.gz,stimulus_metadata_sanitized
P03_L010_M005,2360,99669b7f6871f5eebbd94dea4a457ace6a0a42913d38ba224911faa457b0139b,data/raw/source_metadata/p03_l010_m005.tsv.gz,stimulus_metadata_sanitized
P03_L010_M006,2360,ac944feb0e2145b1adeed094d15a2bdff712af2ea8da44a3211934a3b9beee52,data/raw/source_metadata/p03_l010_m006.tsv.gz,stimulus_metadata_sanitized
P03_L010_M007,2360,ac944feb0e2145b1adeed094d15a2bdff712af2ea8da44a3211934a3b9beee52,data/raw/source_metadata/p03_l010_m007.tsv.gz,stimulus_metadata_sanitized
P03_L010_M008,2360,ac944feb0e2145b1adeed094d15a2bdff712af2ea8da44a3211934a3b9beee52,data/raw/source_metadata/p03_l010_m008.tsv.gz,stimulus_metadata_sanitized
P03_L010_BASE,184,c9a30822f6cffc423678015f52bcdfa5210c575f3ed8cc1df3f26048a3a75ef4,data/source/csf_baseline/p03_l010.tsv.gz,primary_csf_source
P03_L010_FIT,389101,500f1016c4c2dbfadbdb8233feb08b3de2f0d091e329ace53b583d2d4856096e,data/source/fitted_psf/p03_l010.tsv.gz,saved_psf_distribution
P03_L049_T001,65573,047c5cfab3f86b76971bab03c07275248a9703529135fc11488151454a0acc97,data/raw/source_trials/p03_l049_t001.tsv.gz,raw_trial_matrix
P03_L049_T002,71673,20e2437ced33f0df00905a980c7bef44a234387079c00927dc66acaf7831a5cd,data/raw/source_trials/p03_l049_t002.tsv.gz,raw_trial_matrix
P03_L049_T003,73198,420370064259aebe15a0bd29101876dd63ef027e0c7d456e78ac861c4bd4f358,data/raw/source_trials/p03_l049_t003.tsv.gz,raw_trial_matrix
P03_L049_T004,78993,a34ae3d877bf8dad9d2455b0dfb4f924e7ada9e02ccf27f3894fd9ebab37993d,data/raw/source_trials/p03_l049_t004.tsv.gz,raw_trial_matrix
P03_L049_T005,71063,f891c8245d2e0b6e39cd02e89bf109ebdfffed8a03b98d2002691fa55c9270b2,data/raw/source_trials/p03_l049_t005.tsv.gz,raw_trial_matrix
P03_L049_T006,75638,009376565d785e935e7b0935812561b7297e8132744b7c8bdeb97b32600c684e,data/raw/source_trials/p03_l049_t006.tsv.gz,raw_trial_matrix
P03_L049_T007,65268,930fb88b2809b5f54426e477ff358ea1f254451a0ce3ee69571a8fd6d52ce554,data/raw/source_trials/p03_l049_t007.tsv.gz,raw_trial_matrix
P03_L049_T008,65268,2ae54b4f435d268eaf7e991aba77f7b1e28d63539b142b01b0a3aaba7d8e1e21,data/raw/source_trials/p03_l049_t008.tsv.gz,raw_trial_matrix
P03_L049_M001,2360,83ef4fc392f25f5e4d224e88782545492d9e0f29c3927bc096e66a519adccacf,data/raw/source_metadata/p03_l049_m001.tsv.gz,stimulus_metadata_sanitized
P03_L049_M002,2360,66d842dc9270b4a5bd32209ea608b9260da99372f597f5cedcbff53a79ec73b8,data/raw/source_metadata/p03_l049_m002.tsv.gz,stimulus_metadata_sanitized
P03_L049_M003,2360,66d842dc9270b4a5bd32209ea608b9260da99372f597f5cedcbff53a79ec73b8,data/raw/source_metadata/p03_l049_m003.tsv.gz,stimulus_metadata_sanitized
P03_L049_M004,2360,66d842dc9270b4a5bd32209ea608b9260da99372f597f5cedcbff53a79ec73b8,data/raw/source_metadata/p03_l049_m004.tsv.gz,stimulus_metadata_sanitized
P03_L049_M005,2360,66d842dc9270b4a5bd32209ea608b9260da99372f597f5cedcbff53a79ec73b8,data/raw/source_metadata/p03_l049_m005.tsv.gz,stimulus_metadata_sanitized
P03_L049_M006,2360,83ef4fc392f25f5e4d224e88782545492d9e0f29c3927bc096e66a519adccacf,data/raw/source_metadata/p03_l049_m006.tsv.gz,stimulus_metadata_sanitized
P03_L049_M007,2360,83ef4fc392f25f5e4d224e88782545492d9e0f29c3927bc096e66a519adccacf,data/raw/source_metadata/p03_l049_m007.tsv.gz,stimulus_metadata_sanitized
P03_L049_M008,2360,83ef4fc392f25f5e4d224e88782545492d9e0f29c3927bc096e66a519adccacf,data/raw/source_metadata/p03_l049_m008.tsv.gz,stimulus_metadata_sanitized
P03_L049_BASE,185,9d2e6d33903ba4be119bc45b0a2a92e3f44418e3b98fc878609b1669ee50d1df,data/source/csf_baseline/p03_l049.tsv.gz,primary_csf_source
P03_L049_FIT,389062,8c144c0555e63325f6c825b0762a4d5646555f3b7f9cea02c7bf666798cec56f,data/source/fitted_psf/p03_l049.tsv.gz,saved_psf_distribution
P03_L100_T001,81128,5f8255adf1120c548dae6754de1e9faaa27794da99b376e08134e139037ecd97,data/raw/source_trials/p03_l100_t001.tsv.gz,raw_trial_matrix
P03_L100_T002,61913,793bf4a6724871f145d2a03190788e53083f131c63abe4934d0cac984f302f5e,data/raw/source_trials/p03_l100_t002.tsv.gz,raw_trial_matrix
P03_L100_T003,64353,4e63022a01897fc5d841bc670969870da34bf55d754d6d658e8389eb6e6c6259,data/raw/source_trials/p03_l100_t003.tsv.gz,raw_trial_matrix
P03_L100_T004,63438,1d22520d8ec808a1484832721a065af7f8f5550f7539c0f8c06f5494a3f368de,data/raw/source_trials/p03_l100_t004.tsv.gz,raw_trial_matrix
P03_L100_T005,73808,5af3009d6c3e4ac3a0ef08ac0e0a76fcbc375d945cd12f7c5e103fd7627651de,data/raw/source_trials/p03_l100_t005.tsv.gz,raw_trial_matrix
P03_L100_T006,65268,1738ab22a18d7f6a8a846a87529eed6f05e2b5236b32db2d11b5580e703d9918,data/raw/source_trials/p03_l100_t006.tsv.gz,raw_trial_matrix
P03_L100_T007,61913,1e5ddf6aa002266b9c5d3f1b1d5cd42f6ebacc2db7f1604ebbc1f8f51a3e7e70,data/raw/source_trials/p03_l100_t007.tsv.gz,raw_trial_matrix
P03_L100_T008,75333,0ca565fbfc2c0870196f142df165e3c050c10b5c4fa9d9adb4e6d2bd23ffe182,data/raw/source_trials/p03_l100_t008.tsv.gz,raw_trial_matrix
P03_L100_M001,2360,630f1ed5c5d726949c89215bffe3e248d25f5127fa8630e8ae0125e4b4b0fb81,data/raw/source_metadata/p03_l100_m001.tsv.gz,stimulus_metadata_sanitized
P03_L100_M002,2360,a6083bce786531c9a22ad7ad1d425ba6fbe21988efeff1b276c7f2523a324b3a,data/raw/source_metadata/p03_l100_m002.tsv.gz,stimulus_metadata_sanitized
P03_L100_M003,2360,a6083bce786531c9a22ad7ad1d425ba6fbe21988efeff1b276c7f2523a324b3a,data/raw/source_metadata/p03_l100_m003.tsv.gz,stimulus_metadata_sanitized
P03_L100_M004,2360,a6083bce786531c9a22ad7ad1d425ba6fbe21988efeff1b276c7f2523a324b3a,data/raw/source_metadata/p03_l100_m004.tsv.gz,stimulus_metadata_sanitized
P03_L100_M005,2360,a6083bce786531c9a22ad7ad1d425ba6fbe21988efeff1b276c7f2523a324b3a,data/raw/source_metadata/p03_l100_m005.tsv.gz,stimulus_metadata_sanitized
P03_L100_M006,2360,630f1ed5c5d726949c89215bffe3e248d25f5127fa8630e8ae0125e4b4b0fb81,data/raw/source_metadata/p03_l100_m006.tsv.gz,stimulus_metadata_sanitized
P03_L100_M007,2360,630f1ed5c5d726949c89215bffe3e248d25f5127fa8630e8ae0125e4b4b0fb81,data/raw/source_metadata/p03_l100_m007.tsv.gz,stimulus_metadata_sanitized
P03_L100_M008,2360,630f1ed5c5d726949c89215bffe3e248d25f5127fa8630e8ae0125e4b4b0fb81,data/raw/source_metadata/p03_l100_m008.tsv.gz,stimulus_metadata_sanitized
P03_L100_BASE,190,b8aee5d3de88f9f2bfee2c3481d45542088242a3582067bc0eb0eeaf4142f8db,data/source/csf_baseline/p03_l100.tsv.gz,primary_csf_source
P03_L100_FIT,387834,056bf46ca1556210ffcbac1f97091d229d4fd4e7a5e596ad08bb51c8e666394c,data/source/fitted_psf/p03_l100.tsv.gz,saved_psf_distribution
P03_L200_T001,70453,759fba353cb4b83411fd6ac93c4090b05cf1d4af58b37a47d73d09d409bdb3a4,data/raw/source_trials/p03_l200_t001.tsv.gz,raw_trial_matrix
P03_L200_T002,92718,b6fd9f14298ebfe4105136b51f124f181d2272f8c70c907bed433a34a9b00010,data/raw/source_trials/p03_l200_t002.tsv.gz,raw_trial_matrix
P03_L200_T003,68318,8911706a451e98a695e86e893e92e4b76b8232a1315e57083b2f040015f2f3b5,data/raw/source_trials/p03_l200_t003.tsv.gz,raw_trial_matrix
P03_L200_T004,80518,9956893f0f80851d03713a7694ae8c7908831cac2dda0ae95ce75686c640c274,data/raw/source_trials/p03_l200_t004.tsv.gz,raw_trial_matrix
P03_L200_T005,69233,6b7234fe8c82d8cd92c8e013e9d6743ff4ff715efb50967570e6b49dc5721e78,data/raw/source_trials/p03_l200_t005.tsv.gz,raw_trial_matrix
P03_L200_T006,65268,ee875dbbdd1f38a0296c393845c1632f0afa293eafd74ee143026d2f80782e9d,data/raw/source_trials/p03_l200_t006.tsv.gz,raw_trial_matrix
P03_L200_T007,66793,c24fbed03ec116a0860be92dd1816ec075044e944cd4ad2733bca390c90a3fb5,data/raw/source_trials/p03_l200_t007.tsv.gz,raw_trial_matrix
P03_L200_T008,70453,1e71be335d89105e728526656ecd9acccde190677ff6ed1b85183c520f289ad7,data/raw/source_trials/p03_l200_t008.tsv.gz,raw_trial_matrix
P03_L200_M001,2360,d75318b3e6ee40f67e878ce9d15e20384dee13c731a5507881b33b91d94e8efc,data/raw/source_metadata/p03_l200_m001.tsv.gz,stimulus_metadata_sanitized
P03_L200_M002,2360,1364e40576bcaed87fa358a77757005442d19e7fe52fe06e5b07d6d6f58e443f,data/raw/source_metadata/p03_l200_m002.tsv.gz,stimulus_metadata_sanitized
P03_L200_M003,2360,de890d91c1d07c01e93871aa55a7d0b3bcfb589dd5032bb650caa403fd38e50c,data/raw/source_metadata/p03_l200_m003.tsv.gz,stimulus_metadata_sanitized
P03_L200_M004,2360,de890d91c1d07c01e93871aa55a7d0b3bcfb589dd5032bb650caa403fd38e50c,data/raw/source_metadata/p03_l200_m004.tsv.gz,stimulus_metadata_sanitized
P03_L200_M005,2360,d75318b3e6ee40f67e878ce9d15e20384dee13c731a5507881b33b91d94e8efc,data/raw/source_metadata/p03_l200_m005.tsv.gz,stimulus_metadata_sanitized
P03_L200_M006,2360,d75318b3e6ee40f67e878ce9d15e20384dee13c731a5507881b33b91d94e8efc,data/raw/source_metadata/p03_l200_m006.tsv.gz,stimulus_metadata_sanitized
P03_L200_M007,2360,d75318b3e6ee40f67e878ce9d15e20384dee13c731a5507881b33b91d94e8efc,data/raw/source_metadata/p03_l200_m007.tsv.gz,stimulus_metadata_sanitized
P03_L200_M008,2360,d75318b3e6ee40f67e878ce9d15e20384dee13c731a5507881b33b91d94e8efc,data/raw/source_metadata/p03_l200_m008.tsv.gz,stimulus_metadata_sanitized
P03_L200_BASE,186,3d0308ed973278220490628f918443b5a6a1a0167844797a0547530130c50543,data/source/csf_baseline/p03_l200.tsv.gz,primary_csf_source
P03_L200_FIT,389390,a9eccc8d724e190122933a2434ef29741780fcaafde79d2228e48a3021ca4e4c,data/source/fitted_psf/p03_l200.tsv.gz,saved_psf_distribution
P03_L300_T001,77468,0a986c217a0979af98ce2561bfc5ecf41b395f4f4214235cf6539b09499cebda,data/raw/source_trials/p03_l300_t001.tsv.gz,raw_trial_matrix
P03_L300_T002,62523,e5ac631e25ba930db554d6c6904dfdd2afc9cba9d477d2c72dc2bd95610e4fa6,data/raw/source_trials/p03_l300_t002.tsv.gz,raw_trial_matrix
P03_L300_T003,69233,35b0d98913b2671f98b5d576925cf10afad1070f2ccb66cb558461eb5853f0fc,data/raw/source_trials/p03_l300_t003.tsv.gz,raw_trial_matrix
P03_L300_T004,73808,203279a25538e0ec24ffb450775cc58b1e2a0361a6b76b6698e2a92753092cbb,data/raw/source_trials/p03_l300_t004.tsv.gz,raw_trial_matrix
P03_L300_M001,2360,8f8bd6f179ae9de7614be9ab98ca05b986b4208b0a5116becabadc397da55ec3,data/raw/source_metadata/p03_l300_m001.tsv.gz,stimulus_metadata_sanitized
P03_L300_M002,2360,8f8bd6f179ae9de7614be9ab98ca05b986b4208b0a5116becabadc397da55ec3,data/raw/source_metadata/p03_l300_m002.tsv.gz,stimulus_metadata_sanitized
P03_L300_M003,2360,8f8bd6f179ae9de7614be9ab98ca05b986b4208b0a5116becabadc397da55ec3,data/raw/source_metadata/p03_l300_m003.tsv.gz,stimulus_metadata_sanitized
P03_L300_M004,2360,8f8bd6f179ae9de7614be9ab98ca05b986b4208b0a5116becabadc397da55ec3,data/raw/source_metadata/p03_l300_m004.tsv.gz,stimulus_metadata_sanitized
P03_L300_BASE,188,4c153dc515daf48017e96b447befacbe5fd14212538a63a44f9e5780f3521137,data/source/csf_baseline/p03_l300.tsv.gz,primary_csf_source
P03_L300_FIT,389992,4ab16d161f773488dbb374e8d062e3208ac3bb77a4b77cdf0a2e35c60a3ed9fa,data/source/fitted_psf/p03_l300.tsv.gz,saved_psf_distribution
P03_L370_T001,65878,de12c7bc0a26b1fba45f3758d1d0167851edd049ea3ebbf51c80b67f685352e8,data/raw/source_trials/p03_l370_t001.tsv.gz,raw_trial_matrix
P03_L370_T002,70453,d7f1623cf20a654f9af325181e97c8e6816aaf8ca7fe350a4ec0224ff1acfef5,data/raw/source_trials/p03_l370_t002.tsv.gz,raw_trial_matrix
P03_L370_T003,61913,097142ac0ceebfbd7d0a170f40b31a6b6759526be711bff1501fe84cf9bbf776,data/raw/source_trials/p03_l370_t003.tsv.gz,raw_trial_matrix
P03_L370_T004,63743,b7a4af0a96f4683b0f0f0a6b560bc56b3b3179b6aee2fd4b4b418291757aceb8,data/raw/source_trials/p03_l370_t004.tsv.gz,raw_trial_matrix
P03_L370_M001,2360,8e10210ba1edf587f64c34f0f33966d102909b407585097ad995daf9b12a5e73,data/raw/source_metadata/p03_l370_m001.tsv.gz,stimulus_metadata_sanitized
P03_L370_M002,2360,8e10210ba1edf587f64c34f0f33966d102909b407585097ad995daf9b12a5e73,data/raw/source_metadata/p03_l370_m002.tsv.gz,stimulus_metadata_sanitized
P03_L370_M003,2360,8e10210ba1edf587f64c34f0f33966d102909b407585097ad995daf9b12a5e73,data/raw/source_metadata/p03_l370_m003.tsv.gz,stimulus_metadata_sanitized
P03_L370_M004,2360,8e10210ba1edf587f64c34f0f33966d102909b407585097ad995daf9b12a5e73,data/raw/source_metadata/p03_l370_m004.tsv.gz,stimulus_metadata_sanitized
P03_L370_BASE,188,3f2b70605e01ecf66f06781d0c9663a319adbd016a784f9805c1ed252585ba38,data/source/csf_baseline/p03_l370.tsv.gz,primary_csf_source
P03_L370_FIT,382400,2aad6340b2c76ba916158a2c49ec2439f53c8861a033e5388c031b076e87d820,data/source/fitted_psf/p03_l370.tsv.gz,saved_psf_distribution
P03_L415_T001,71063,6e53ef2a8c2bcfa3edad988c5d34ffa36610e95d036b2b47759be493280b6599,data/raw/source_trials/p03_l415_t001.tsv.gz,raw_trial_matrix
P03_L415_T002,76248,f52d3adcc8349e178e4eb30b9a740a8e520c491b07ead2325519a6becb8a512f,data/raw/source_trials/p03_l415_t002.tsv.gz,raw_trial_matrix
P03_L415_T003,68013,0d18f620a1fd7ee606c82c7015cb9abdd2e60482cd2246ef7f12cc19ccc16ebd,data/raw/source_trials/p03_l415_t003.tsv.gz,raw_trial_matrix
P03_L415_T004,87228,03b5d9753640f0b9c5391260fb3ac0a079cd4cc991bdf705313f127797d550de,data/raw/source_trials/p03_l415_t004.tsv.gz,raw_trial_matrix
P03_L415_M001,2360,7919a4da2738d8f0d2ee4c4d6c371eafa89ea2f8948311479517519dc0ea7a53,data/raw/source_metadata/p03_l415_m001.tsv.gz,stimulus_metadata_sanitized
P03_L415_M002,2360,7919a4da2738d8f0d2ee4c4d6c371eafa89ea2f8948311479517519dc0ea7a53,data/raw/source_metadata/p03_l415_m002.tsv.gz,stimulus_metadata_sanitized
P03_L415_M003,2360,7919a4da2738d8f0d2ee4c4d6c371eafa89ea2f8948311479517519dc0ea7a53,data/raw/source_metadata/p03_l415_m003.tsv.gz,stimulus_metadata_sanitized
P03_L415_M004,2360,7919a4da2738d8f0d2ee4c4d6c371eafa89ea2f8948311479517519dc0ea7a53,data/raw/source_metadata/p03_l415_m004.tsv.gz,stimulus_metadata_sanitized
P03_L415_BASE,189,6c35158f2e3f566bcaf269876ebf498a4b9e35f5c0a017b6c0d47db4678185d5,data/source/csf_baseline/p03_l415.tsv.gz,primary_csf_source
P03_L415_FIT,389998,24bdf704a4e30085f3bdc4fa3c13334382cb9532642d65bc29642ce270e768f5,data/source/fitted_psf/p03_l415.tsv.gz,saved_psf_distribution
P04_L010_T001,65573,0d3ddb37e16cd6e420fd0197955143d86687da7211ceb9dc33e3e29b76cc2f8a,data/raw/source_trials/p04_l010_t001.tsv.gz,raw_trial_matrix
P04_L010_T002,68318,75ba9d554d05dbba57abc364cc60e4277a4955043dfa3265de9616171bfcd081,data/raw/source_trials/p04_l010_t002.tsv.gz,raw_trial_matrix
P04_L010_T003,65268,f304dc0b5cc261a79b68c097c0d92b88634859b1c6c54fb4ee972f1f866bc6e9,data/raw/source_trials/p04_l010_t003.tsv.gz,raw_trial_matrix
P04_L010_T004,60083,7fe781b24aea0b4142fae34e8c038828bc797a5a61569b2109b848048473348c,data/raw/source_trials/p04_l010_t004.tsv.gz,raw_trial_matrix
P04_L010_T005,59168,2061a115e89a169f7851b78bbb6db0ee9d7e9ed393b05231d28d55f3d1df00a9,data/raw/source_trials/p04_l010_t005.tsv.gz,raw_trial_matrix
P04_L010_T006,57033,eecc459d9eef0b98cd8a6e6278402a9b9114843a27ae5670ed0debebaf6fc744,data/raw/source_trials/p04_l010_t006.tsv.gz,raw_trial_matrix
P04_L010_T007,53678,8e48a77dbd0fbacc923f36894ab2d1b174da24accf3735c05e69f5fe07d862dc,data/raw/source_trials/p04_l010_t007.tsv.gz,raw_trial_matrix
P04_L010_T008,53373,8ceca3562134a2ecc5e455bb7f7130dc2b7ab1482251500dd1ea4168c9a5ac01,data/raw/source_trials/p04_l010_t008.tsv.gz,raw_trial_matrix
P04_L010_M001,2360,84ad216c9059247e931e5a061c3e6d080d5005234df4d9844a473cc9affaed80,data/raw/source_metadata/p04_l010_m001.tsv.gz,stimulus_metadata_sanitized
P04_L010_M002,2360,5d285af63a9978da2ba2f45d7e9005f6c4835da4409d6916bcf03fbe0bc14e4c,data/raw/source_metadata/p04_l010_m002.tsv.gz,stimulus_metadata_sanitized
P04_L010_M003,2360,68b4f4b785614f97f6e51674c644377e72dacaf4af9038fe845b72a6fc299f45,data/raw/source_metadata/p04_l010_m003.tsv.gz,stimulus_metadata_sanitized
P04_L010_M004,2360,945951451b7c7a05ba53cd271136e7c8aa316da7eec48cd98cf56135bbca5237,data/raw/source_metadata/p04_l010_m004.tsv.gz,stimulus_metadata_sanitized
P04_L010_M005,2360,945951451b7c7a05ba53cd271136e7c8aa316da7eec48cd98cf56135bbca5237,data/raw/source_metadata/p04_l010_m005.tsv.gz,stimulus_metadata_sanitized
P04_L010_M006,2360,945951451b7c7a05ba53cd271136e7c8aa316da7eec48cd98cf56135bbca5237,data/raw/source_metadata/p04_l010_m006.tsv.gz,stimulus_metadata_sanitized
P04_L010_M007,2360,945951451b7c7a05ba53cd271136e7c8aa316da7eec48cd98cf56135bbca5237,data/raw/source_metadata/p04_l010_m007.tsv.gz,stimulus_metadata_sanitized
P04_L010_M008,2360,84ad216c9059247e931e5a061c3e6d080d5005234df4d9844a473cc9affaed80,data/raw/source_metadata/p04_l010_m008.tsv.gz,stimulus_metadata_sanitized
P04_L010_BASE,184,5157310b9ec909729448dcaff91f85c20369a1da03d6f26f3277f77f12021c51,data/source/csf_baseline/p04_l010.tsv.gz,primary_csf_source
P04_L010_FIT,385621,84725bec8f97e90427864bab12b6e27c9a617de950689890ee79a581bde7a2bb,data/source/fitted_psf/p04_l010.tsv.gz,saved_psf_distribution
P04_L049_T001,70148,0ee14ec38b4539e2e4d59b153f621278580549081f93bda4926c4edd2d3e3d39,data/raw/source_trials/p04_l049_t001.tsv.gz,raw_trial_matrix
P04_L049_T002,58558,c91a86207fc7859716fb6099a083158bfcb48d97f7abc8bb68efa70962d76cd4,data/raw/source_trials/p04_l049_t002.tsv.gz,raw_trial_matrix
P04_L049_T003,81128,739cced3eeafed1cf6b712a4248eb33babf5ae3ec14470fb7fe4aa4598632bf3,data/raw/source_trials/p04_l049_t003.tsv.gz,raw_trial_matrix
P04_L049_T004,67403,d8260dee4508cc63e1d25d225d6f3abef73addbd1465b4b3cc99efd5ed332561,data/raw/source_trials/p04_l049_t004.tsv.gz,raw_trial_matrix
P04_L049_T005,62828,a60b18b7059cac5cbb5c4d6d60ba3098eb39d6374bf80094531a1a0d2ac56de6,data/raw/source_trials/p04_l049_t005.tsv.gz,raw_trial_matrix
P04_L049_T006,61913,0dcb90b52c67f4c17bb8174198ea7f6a44976e8667a1d8dcddceb211f32e6368,data/raw/source_trials/p04_l049_t006.tsv.gz,raw_trial_matrix
P04_L049_T007,73808,0235bc12873a33da2d6e6710a5726fcde6421db809d0c45668921db8c1d53caf,data/raw/source_trials/p04_l049_t007.tsv.gz,raw_trial_matrix
P04_L049_T008,61913,123f9a334fec9041aad095a9a81cf20dee5b6f0e4e2640ab1e0e42bdfaa1e274,data/raw/source_trials/p04_l049_t008.tsv.gz,raw_trial_matrix
P04_L049_M001,2360,b549f7306855786f5f69021f959fc784f10dcc9b240faa823ddd274e6f622e0d,data/raw/source_metadata/p04_l049_m001.tsv.gz,stimulus_metadata_sanitized
P04_L049_M002,2360,b549f7306855786f5f69021f959fc784f10dcc9b240faa823ddd274e6f622e0d,data/raw/source_metadata/p04_l049_m002.tsv.gz,stimulus_metadata_sanitized
P04_L049_M003,2360,d18d1b3c3f0f0b4b66eaaf54994c0dad25ee65c2a7dabee1abff29794d619498,data/raw/source_metadata/p04_l049_m003.tsv.gz,stimulus_metadata_sanitized
P04_L049_M004,2360,5d07f485bba99e05b2b61b0d74db9e895525849e72d747ba34cff63bf5d7f00f,data/raw/source_metadata/p04_l049_m004.tsv.gz,stimulus_metadata_sanitized
P04_L049_M005,2360,5d07f485bba99e05b2b61b0d74db9e895525849e72d747ba34cff63bf5d7f00f,data/raw/source_metadata/p04_l049_m005.tsv.gz,stimulus_metadata_sanitized
P04_L049_M006,2360,5d07f485bba99e05b2b61b0d74db9e895525849e72d747ba34cff63bf5d7f00f,data/raw/source_metadata/p04_l049_m006.tsv.gz,stimulus_metadata_sanitized
P04_L049_M007,2360,b549f7306855786f5f69021f959fc784f10dcc9b240faa823ddd274e6f622e0d,data/raw/source_metadata/p04_l049_m007.tsv.gz,stimulus_metadata_sanitized
P04_L049_M008,2360,b549f7306855786f5f69021f959fc784f10dcc9b240faa823ddd274e6f622e0d,data/raw/source_metadata/p04_l049_m008.tsv.gz,stimulus_metadata_sanitized
P04_L049_BASE,185,bdb70b4b76193bb3dd56fb587befde250d29374e7e6c47c360f4b91fc07343ab,data/source/csf_baseline/p04_l049.tsv.gz,primary_csf_source
P04_L049_FIT,389442,c55cd168d7a2a5a0b53c289f0fa3a5bca737bea9eaf1362a7a5ec239a1d24725,data/source/fitted_psf/p04_l049.tsv.gz,saved_psf_distribution
P04_L100_T001,67403,cd386ad5e764c9b91158101f4060028882eae4b8db40b17c8cfba7ace2ea2c8a,data/raw/source_trials/p04_l100_t001.tsv.gz,raw_trial_matrix
P04_L100_T002,60083,59e341406fdeab465a48a1cdda46c14ae44f5c7f59bd2c22bc76e78ba472aaf9,data/raw/source_trials/p04_l100_t002.tsv.gz,raw_trial_matrix
P04_L100_T003,65573,d8bc9837b67762376eda77d5a1065043c395a5dc8b4a594a59bb8e8eb4c8c529,data/raw/source_trials/p04_l100_t003.tsv.gz,raw_trial_matrix
P04_L100_T004,63743,80744efa1965f273e932f3aeb50bedb3222108028a950d6dcd1f48c0ace1bbf6,data/raw/source_trials/p04_l100_t004.tsv.gz,raw_trial_matrix
P04_L100_T005,68318,1b4b6a70764874ebaf84452c31b845c46286009b2b7185f297aceec91964de3e,data/raw/source_trials/p04_l100_t005.tsv.gz,raw_trial_matrix
P04_L100_T006,61608,0a86138f4e8e68950f65b8edac592e065a8a2c90a05becc83216aa6d76920a99,data/raw/source_trials/p04_l100_t006.tsv.gz,raw_trial_matrix
P04_L100_T007,67403,bf6965d740da01f2fff1212eb09e09baeaad0e3d98b11097afaf6d923ada0ea3,data/raw/source_trials/p04_l100_t007.tsv.gz,raw_trial_matrix
P04_L100_T008,79908,731293f8820b622e0d62d4d75451700e2b6caa60812f394601d331470832f119,data/raw/source_trials/p04_l100_t008.tsv.gz,raw_trial_matrix
P04_L100_T009,59168,d8941afe83438f7c47b925fc5dfd9ef01cfe90013b8763c999fc5ffaf6344893,data/raw/source_trials/p04_l100_t009.tsv.gz,raw_trial_matrix
P04_L100_T010,58863,4135273b61766e179bf797de9a69dea398ff1a3a71c8fa29c546544b6dfd1774,data/raw/source_trials/p04_l100_t010.tsv.gz,raw_trial_matrix
P04_L100_T011,80823,b32c654396effc69f9c62109627a2adc6396dbade5c44e52c75955051ddfd6ff,data/raw/source_trials/p04_l100_t011.tsv.gz,raw_trial_matrix
P04_L100_T012,60693,2149f8b62e9369173b3a502679bc36c774e2caedf4e37d9c364c683f7264296e,data/raw/source_trials/p04_l100_t012.tsv.gz,raw_trial_matrix
P04_L100_M001,2360,9e13bffb77f5a192ed2a3c5dc2006a9548bfb5ec941ffcaf25f0a52d0c3bbcef,data/raw/source_metadata/p04_l100_m001.tsv.gz,stimulus_metadata_sanitized
P04_L100_M002,2360,2ab7200d650af4fef64b42933632984512d34af3963adda4835304aa03791ff2,data/raw/source_metadata/p04_l100_m002.tsv.gz,stimulus_metadata_sanitized
P04_L100_M003,2360,2ab7200d650af4fef64b42933632984512d34af3963adda4835304aa03791ff2,data/raw/source_metadata/p04_l100_m003.tsv.gz,stimulus_metadata_sanitized
P04_L100_M004,2360,806a796a99f30ce7b16fc06b16cff670581bbb0ed4e635a20ef71cfa741c5b38,data/raw/source_metadata/p04_l100_m004.tsv.gz,stimulus_metadata_sanitized
P04_L100_M005,2360,806a796a99f30ce7b16fc06b16cff670581bbb0ed4e635a20ef71cfa741c5b38,data/raw/source_metadata/p04_l100_m005.tsv.gz,stimulus_metadata_sanitized
P04_L100_M006,2360,9a3c33d6dbe905647db5a78f6f71894242c33f03a927ac1eef73884204330010,data/raw/source_metadata/p04_l100_m006.tsv.gz,stimulus_metadata_sanitized
P04_L100_M007,2360,9a3c33d6dbe905647db5a78f6f71894242c33f03a927ac1eef73884204330010,data/raw/source_metadata/p04_l100_m007.tsv.gz,stimulus_metadata_sanitized
P04_L100_M008,2360,1d236d6360982c99880794272c3f12fc28ad417f0685e1ef4ab859d238828888,data/raw/source_metadata/p04_l100_m008.tsv.gz,stimulus_metadata_sanitized
P04_L100_M009,2360,1d236d6360982c99880794272c3f12fc28ad417f0685e1ef4ab859d238828888,data/raw/source_metadata/p04_l100_m009.tsv.gz,stimulus_metadata_sanitized
P04_L100_M010,2360,1d236d6360982c99880794272c3f12fc28ad417f0685e1ef4ab859d238828888,data/raw/source_metadata/p04_l100_m010.tsv.gz,stimulus_metadata_sanitized
P04_L100_M011,2360,1d236d6360982c99880794272c3f12fc28ad417f0685e1ef4ab859d238828888,data/raw/source_metadata/p04_l100_m011.tsv.gz,stimulus_metadata_sanitized
P04_L100_M012,2360,9e13bffb77f5a192ed2a3c5dc2006a9548bfb5ec941ffcaf25f0a52d0c3bbcef,data/raw/source_metadata/p04_l100_m012.tsv.gz,stimulus_metadata_sanitized
P04_L100_BASE,305,8ed2d891bad967613560ad9c59385f375aa105a2d04950143f05da2c706aebc5,data/source/csf_baseline/p04_l100.tsv.gz,primary_csf_source
P04_L100_FIT,389852,671f5ad678dda06379ab9d256ad58ed281d89745e4917df9fbe527c02281c5dc,data/source/fitted_psf/p04_l100.tsv.gz,saved_psf_distribution
P04_L200_T001,76858,41772393bac39ec2b52e6ed6fe94a0bf8d77afc91f9e44c0612997a9f837b9a1,data/raw/source_trials/p04_l200_t001.tsv.gz,raw_trial_matrix
P04_L200_T002,80213,a69e665f88f08f15a6e044f0d51242105158b7fc6c6579a06e36b77b09667a2a,data/raw/source_trials/p04_l200_t002.tsv.gz,raw_trial_matrix
P04_L200_T003,70758,6288b74f348eb7c503d89eece5c8e0b122b4d57ba68a5a1e2aef2dfce6cbbd23,data/raw/source_trials/p04_l200_t003.tsv.gz,raw_trial_matrix
P04_L200_T004,74723,8feecfe6bb6899205babd2e2db2a19d822e2656aedbe91082ef08a5a7a7618a8,data/raw/source_trials/p04_l200_t004.tsv.gz,raw_trial_matrix
P04_L200_T005,85093,9f0d4d28329133428fdbdc5135fc64998683d16fe5d100b62dfe49d6d844465a,data/raw/source_trials/p04_l200_t005.tsv.gz,raw_trial_matrix
P04_L200_T006,76553,9290e973b208a1b37b777ec6ba0ebb74f97ed1a3b870f27beeb29bd74e992500,data/raw/source_trials/p04_l200_t006.tsv.gz,raw_trial_matrix
P04_L200_T007,69233,b4f337415f23b6a48c4ec5d4b879cc4f0262a04f31d5d2efe790559be0429202,data/raw/source_trials/p04_l200_t007.tsv.gz,raw_trial_matrix
P04_L200_T008,65878,a6157ccf77aecf32516e00af4e6f8ff768978cb9ea38c25bef2de90320bc3982,data/raw/source_trials/p04_l200_t008.tsv.gz,raw_trial_matrix
P04_L200_M001,2360,a7710ce23d6f8f225728100147d701d37e2fe588b78a2dfea5c91ae313b7d8e0,data/raw/source_metadata/p04_l200_m001.tsv.gz,stimulus_metadata_sanitized
P04_L200_M002,2360,a7710ce23d6f8f225728100147d701d37e2fe588b78a2dfea5c91ae313b7d8e0,data/raw/source_metadata/p04_l200_m002.tsv.gz,stimulus_metadata_sanitized
P04_L200_M003,2360,a7710ce23d6f8f225728100147d701d37e2fe588b78a2dfea5c91ae313b7d8e0,data/raw/source_metadata/p04_l200_m003.tsv.gz,stimulus_metadata_sanitized
P04_L200_M004,2360,73be186e3cd60be11d63ca0cdbbca1d728f63b3bcb82dcc91396315bc4b41fcf,data/raw/source_metadata/p04_l200_m004.tsv.gz,stimulus_metadata_sanitized
P04_L200_M005,2360,73be186e3cd60be11d63ca0cdbbca1d728f63b3bcb82dcc91396315bc4b41fcf,data/raw/source_metadata/p04_l200_m005.tsv.gz,stimulus_metadata_sanitized
P04_L200_M006,2360,8d773cd8d78dc9dba1ebe930429d6f478dc51e5aa21f6420566719bacf9548ff,data/raw/source_metadata/p04_l200_m006.tsv.gz,stimulus_metadata_sanitized
P04_L200_M007,2360,8d773cd8d78dc9dba1ebe930429d6f478dc51e5aa21f6420566719bacf9548ff,data/raw/source_metadata/p04_l200_m007.tsv.gz,stimulus_metadata_sanitized
P04_L200_M008,2360,a7710ce23d6f8f225728100147d701d37e2fe588b78a2dfea5c91ae313b7d8e0,data/raw/source_metadata/p04_l200_m008.tsv.gz,stimulus_metadata_sanitized
P04_L200_BASE,188,96eb541502945e436a6912eba8ac61f4dfaee197b5b5f7087cb07696b56c633c,data/source/csf_baseline/p04_l200.tsv.gz,primary_csf_source
P04_L200_FIT,389998,a94eafb528d07db48e2b1ad3e20e0f5091de769287eb2190cd9e8f18bc974286,data/source/fitted_psf/p04_l200.tsv.gz,saved_psf_distribution
P04_L300_T001,64658,e7bb02acd62167db1f9c8d5a0e9f9f33b2c0ef1256486538a0e58089cedb2040,data/raw/source_trials/p04_l300_t001.tsv.gz,raw_trial_matrix
P04_L300_T002,66183,d7f449b5f05f2ee6222e63e1fb3af90956ea9259f4715ee42f768878f01c7cf2,data/raw/source_trials/p04_l300_t002.tsv.gz,raw_trial_matrix
P04_L300_T003,62828,ab5294c1d7c0fed9e1cad36598a41bc8953708f60c67096eda0bb3ebd7931ca6,data/raw/source_trials/p04_l300_t003.tsv.gz,raw_trial_matrix
P04_L300_T004,61913,8d1501a1680b3a021d85efd13c3b38c094c4b2c98674fcc54343ca3b3ffb2f54,data/raw/source_trials/p04_l300_t004.tsv.gz,raw_trial_matrix
P04_L300_M001,2360,8f8bd6f179ae9de7614be9ab98ca05b986b4208b0a5116becabadc397da55ec3,data/raw/source_metadata/p04_l300_m001.tsv.gz,stimulus_metadata_sanitized
P04_L300_M002,2360,4c95d55dbc9a1abfff57db78574543b59fdcfd058a83c32beea6eef69c46f1d6,data/raw/source_metadata/p04_l300_m002.tsv.gz,stimulus_metadata_sanitized
P04_L300_M003,2360,4c95d55dbc9a1abfff57db78574543b59fdcfd058a83c32beea6eef69c46f1d6,data/raw/source_metadata/p04_l300_m003.tsv.gz,stimulus_metadata_sanitized
P04_L300_M004,2360,4c95d55dbc9a1abfff57db78574543b59fdcfd058a83c32beea6eef69c46f1d6,data/raw/source_metadata/p04_l300_m004.tsv.gz,stimulus_metadata_sanitized
P04_L300_BASE,186,eaa8f4b2d69b9c5694faf6333142dc988a3aa8b06ce7ba70ea7fc7544eae2575,data/source/csf_baseline/p04_l300.tsv.gz,primary_csf_source
P04_L300_FIT,381594,dfb2a2171b9a17aa051a09f0cecb1e0923f18d957414a5615f7dffc5b75a5965,data/source/fitted_psf/p04_l300.tsv.gz,saved_psf_distribution
P04_L370_T001,64658,ccbee1e22431726df5884c7b9d5a4072cba9e2d0be5076a9b0f5ab6fb09adc9a,data/raw/source_trials/p04_l370_t001.tsv.gz,raw_trial_matrix
P04_L370_T002,63743,60dde548330084bb8f16c899d261d27972e5fdcbc2445ae2726c739fe031c0ee,data/raw/source_trials/p04_l370_t002.tsv.gz,raw_trial_matrix
P04_L370_T003,65573,39dcae40e3e846893aaeb954574a21dd2c80541229074135bfe152e1f8f9f2c0,data/raw/source_trials/p04_l370_t003.tsv.gz,raw_trial_matrix
P04_L370_T004,71368,d1faaca69ea472abdc4e13efbb282d6f3a0b99f878ffec158c66ee24e06eeb23,data/raw/source_trials/p04_l370_t004.tsv.gz,raw_trial_matrix
P04_L370_M001,2360,ac887d1d81d4aafb72035ce948b66b9e720b3d5dd1ea6997a35c1de33cc7f33b,data/raw/source_metadata/p04_l370_m001.tsv.gz,stimulus_metadata_sanitized
P04_L370_M002,2360,ac887d1d81d4aafb72035ce948b66b9e720b3d5dd1ea6997a35c1de33cc7f33b,data/raw/source_metadata/p04_l370_m002.tsv.gz,stimulus_metadata_sanitized
P04_L370_M003,2360,ac887d1d81d4aafb72035ce948b66b9e720b3d5dd1ea6997a35c1de33cc7f33b,data/raw/source_metadata/p04_l370_m003.tsv.gz,stimulus_metadata_sanitized
P04_L370_M004,2360,ac887d1d81d4aafb72035ce948b66b9e720b3d5dd1ea6997a35c1de33cc7f33b,data/raw/source_metadata/p04_l370_m004.tsv.gz,stimulus_metadata_sanitized
P04_L370_BASE,187,f2ae54bb92311161a06d48057c08779ad489f6e9e13e46d14eb99c4ab022da4c,data/source/csf_baseline/p04_l370.tsv.gz,primary_csf_source
P04_L370_FIT,371384,43e50e98db900a8150c39eb01e570d8f20ea6aadf7b38703086f3b7a2cbea6ae,data/source/fitted_psf/p04_l370.tsv.gz,saved_psf_distribution
SUP11,55907,fdfbf25e1fa1591bebec16a0a6729a3535b6db8ef0f4c0bd9d0e481a6eb45fce,STAIRCASE_NOTES.md,additional_staircase_plotting_source
CAL01,882,f976e54211ad42fad659f80e158cde5049e9cc24f85341d214cca2438cd9bca1,data/calibration_reference/cal01.csv,candidate_calibration_record_not_linked_to_study_conditions
CAL02,321,2d61b527867cd215e5cf0899d29e97fd402cdf4c127698edc138e5f85ffee4b6,data/calibration_reference/cal02.csv,candidate_calibration_record_not_linked_to_study_conditions
CAL03,561,d5479ee8a63e1ebd2c21fbf3d813d5fb5838506802f755d4e620838e446faf39,data/calibration_reference/cal03.csv,candidate_calibration_record_not_linked_to_study_conditions
CAL04,547,c741efcc7239b4d11e8689fc346c131db472474ec3c347ae3960afa4cae4854a,data/calibration_reference/cal04.csv,candidate_calibration_record_not_linked_to_study_conditions
