condition_id,participant_id,staircase_id,source_id,staircase_code_source,spatial_frequency_cpd,n_trials,n_trials_used,n_detected_reversals,threshold_last8_median,included_in_primary_csf,exclusion_reason
P01_L010,P01,P01_L010_T001_A01,P01_L010_T001,1,16.0,86,86,11,0.024982681874229345,True,
P01_L010,P01,P01_L010_T001_A02,P01_L010_T001,2,1.0,44,44,10,0.004517700369913696,True,
P01_L010,P01,P01_L010_T001_A03,P01_L010_T001,3,8.0,44,44,10,0.004517700369913696,True,
P01_L010,P01,P01_L010_T001_A04,P01_L010_T001,4,4.0,48,48,10,0.004634525277435249,True,
P01_L010,P01,P01_L010_T002_A01,P01_L010_T002,1,11.3,61,61,11,0.006559143033292244,True,
P01_L010,P01,P01_L010_T002_A02,P01_L010_T002,2,0.5,55,55,10,0.007820197287299635,True,
P01_L010,P01,P01_L010_T002_A03,P01_L010_T002,3,6.0,42,42,10,0.00396148581997533,True,
P01_L010,P01,P01_L010_T002_A04,P01_L010_T002,4,2.0,48,48,10,0.004275937114673227,True,
P01_L010,P01,P01_L010_T003_A01,P01_L010_T003,1,2.0,38,38,10,0.004517700369913696,True,
P01_L010,P01,P01_L010_T003_A02,P01_L010_T003,2,11.3,43,43,10,0.007411263871763253,True,
P01_L010,P01,P01_L010_T003_A03,P01_L010_T003,3,0.5,48,48,11,0.008286572133168923,True,
P01_L010,P01,P01_L010_T003_A04,P01_L010_T003,4,6.0,43,43,10,0.004517700369913696,True,
P01_L010,P01,P01_L010_T004_A01,P01_L010_T004,1,0.5,56,56,11,0.007641171393341554,True,
P01_L010,P01,P01_L010_T004_A02,P01_L010_T004,2,2.0,44,44,10,0.0034136313193588027,True,
P01_L010,P01,P01_L010_T004_A03,P01_L010_T004,3,6.0,48,48,10,0.005152059186189889,True,
P01_L010,P01,P01_L010_T004_A04,P01_L010_T004,4,11.3,55,55,11,0.01046004315659679,True,
P01_L010,P01,P01_L010_T005_A01,P01_L010_T005,1,6.0,42,42,11,0.004517700369913696,True,
P01_L010,P01,P01_L010_T005_A02,P01_L010_T005,2,11.3,56,56,10,0.00917218249075217,True,
P01_L010,P01,P01_L010_T005_A03,P01_L010_T005,3,2.0,43,43,10,0.00396148581997533,True,
P01_L010,P01,P01_L010_T005_A04,P01_L010_T005,4,0.5,35,35,10,0.00649877928483353,True,
P01_L010,P01,P01_L010_T006_A01,P01_L010_T006,1,4.0,42,42,10,0.0032351171393341423,True,
P01_L010,P01,P01_L010_T006_A02,P01_L010_T006,2,8.0,42,42,10,0.004517700369913696,True,
P01_L010,P01,P01_L010_T006_A03,P01_L010_T006,3,16.0,59,59,10,0.00963856350184957,True,
P01_L010,P01,P01_L010_T006_A04,P01_L010_T006,4,1.0,38,38,10,0.004517700369913696,True,
P01_L010,P01,P01_L010_T007_A01,P01_L010_T007,1,1.0,46,46,11,0.005152034525277431,True,
P01_L010,P01,P01_L010_T007_A02,P01_L010_T007,2,8.0,49,49,10,0.004275906288532659,True,
P01_L010,P01,P01_L010_T007_A03,P01_L010_T007,3,16.0,45,45,10,0.0157093156596794,True,
P01_L010,P01,P01_L010_T007_A04,P01_L010_T007,4,4.0,44,44,10,0.0036893711467324225,True,
P01_L010,P01,P01_L010_T008_A01,P01_L010_T008,1,4.0,43,43,10,0.004517700369913696,True,
P01_L010,P01,P01_L010_T008_A02,P01_L010_T008,2,8.0,47,47,10,0.005875376078914921,True,
P01_L010,P01,P01_L010_T008_A03,P01_L010_T008,3,1.0,44,44,10,0.005152034525277431,True,
P01_L010,P01,P01_L010_T008_A04,P01_L010_T008,4,16.0,64,64,11,0.007232200986436494,True,
P01_L020,P01,P01_L020_T001_A01,P01_L020_T001,1,2.0,44,44,10,0.0032351351351351076,True,
P01_L020,P01,P01_L020_T001_A02,P01_L020_T001,2,6.0,45,45,10,0.00256470270270269,True,
P01_L020,P01,P01_L020_T001_A03,P01_L020_T001,3,0.5,42,42,10,0.005152020270270232,True,
P01_L020,P01,P01_L020_T001_A04,P01_L020_T001,4,11.3,68,68,11,0.0074801013513513225,True,
P01_L020,P01,P01_L020_T002_A01,P01_L020_T002,1,16.0,62,62,11,0.011928702702702684,True,
P01_L020,P01,P01_L020_T002_A02,P01_L020_T002,2,4.0,40,40,10,0.0032351351351351076,True,
P01_L020,P01,P01_L020_T002_A03,P01_L020_T002,3,8.0,42,42,10,0.003961479729729701,True,
P01_L020,P01,P01_L020_T002_A04,P01_L020_T002,4,1.0,44,44,10,0.0032351351351351076,True,
P01_L020,P01,P01_L020_T003_A01,P01_L020_T003,1,8.0,50,50,10,0.004003831081081077,True,
P01_L020,P01,P01_L020_T003_A02,P01_L020_T003,2,16.0,55,55,11,0.013459763513513499,True,
P01_L020,P01,P01_L020_T003_A03,P01_L020_T003,3,1.0,41,41,10,0.003961479729729701,True,
P01_L020,P01,P01_L020_T003_A04,P01_L020_T003,4,4.0,54,54,10,0.0029248378378377918,True,
P01_L020,P01,P01_L020_T004_A01,P01_L020_T004,1,4.0,43,43,11,0.0034136418918918627,True,
P01_L020,P01,P01_L020_T004_A02,P01_L020_T004,2,1.0,47,47,10,0.0025646891891891836,True,
P01_L020,P01,P01_L020_T004_A03,P01_L020_T004,3,8.0,58,58,11,0.0029248108108107787,True,
P01_L020,P01,P01_L020_T004_A04,P01_L020_T004,4,16.0,47,47,10,0.011802601351351319,True,
P01_L020,P01,P01_L020_T005_A01,P01_L020_T005,1,8.0,42,42,11,0.003689364864864824,True,
P01_L020,P01,P01_L020_T005_A02,P01_L020_T005,2,16.0,68,68,11,0.016302405405405403,True,
P01_L020,P01,P01_L020_T005_A03,P01_L020_T005,3,1.0,40,40,10,0.0032351351351351076,True,
P01_L020,P01,P01_L020_T005_A04,P01_L020_T005,4,4.0,41,41,10,0.0032351351351351076,True,
P01_L020,P01,P01_L020_T006_A01,P01_L020_T006,1,6.0,44,44,10,0.0032351351351351076,True,
P01_L020,P01,P01_L020_T006_A02,P01_L020_T006,2,2.0,41,41,10,0.0032351351351351076,True,
P01_L020,P01,P01_L020_T006_A03,P01_L020_T006,3,11.3,51,51,10,0.008451871621621585,True,
P01_L020,P01,P01_L020_T006_A04,P01_L020_T006,4,0.5,36,36,10,0.006498777027027008,True,
P01_L020,P01,P01_L020_T007_A01,P01_L020_T007,1,0.5,42,42,10,0.005152020270270232,True,
P01_L020,P01,P01_L020_T007_A02,P01_L020_T007,2,6.0,41,41,10,0.0032351351351351076,True,
P01_L020,P01,P01_L020_T007_A03,P01_L020_T007,3,11.3,59,59,10,0.007641128378378359,True,
P01_L020,P01,P01_L020_T007_A04,P01_L020_T007,4,2.0,52,52,11,0.0029248108108107787,True,
P01_L020,P01,P01_L020_T008_A01,P01_L020_T008,1,0.5,43,43,10,0.005152020270270232,True,
P01_L020,P01,P01_L020_T008_A02,P01_L020_T008,2,6.0,42,42,10,0.003961479729729701,True,
P01_L020,P01,P01_L020_T008_A03,P01_L020_T008,3,2.0,41,41,10,0.0032351351351351076,True,
P01_L020,P01,P01_L020_T008_A04,P01_L020_T008,4,11.3,64,64,10,0.004125094594594564,True,
P01_L025,P01,P01_L025_T001_A01,P01_L025_T001,1,1.0,38,38,10,0.00649876050420172,True,
P01_L025,P01,P01_L025_T001_A02,P01_L025_T001,2,4.0,42,42,10,0.005152002801120506,True,
P01_L025,P01,P01_L025_T001_A03,P01_L025_T001,3,16.0,51,51,10,0.018425203081232522,True,
P01_L025,P01,P01_L025_T001_A04,P01_L025_T001,4,8.0,36,36,10,0.00649876050420172,True,
P01_L025,P01,P01_L025_T002_A01,P01_L025_T002,1,16.0,76,76,10,0.008451806722689123,True,
P01_L025,P01,P01_L025_T002_A02,P01_L025_T002,2,1.0,39,39,10,0.005152002801120506,True,
P01_L025,P01,P01_L025_T002_A03,P01_L025_T002,3,8.0,37,37,10,0.00649876050420172,True,
P01_L025,P01,P01_L025_T002_A04,P01_L025_T002,4,4.0,44,44,10,0.005285231092436995,True,
P01_L025,P01,P01_L025_T003_A01,P01_L025_T003,1,5.0,51,51,11,0.005875385154061651,True,
P01_L025,P01,P01_L025_T003_A02,P01_L025_T003,2,3.5,35,35,10,0.00649876050420172,True,
P01_L025,P01,P01_L025_T003_A03,P01_L025_T003,3,3.0,41,41,11,0.005152002801120506,True,
P01_L025,P01,P01_L025_T003_A04,P01_L025_T003,4,2.5,47,47,10,0.004634495798319392,True,
P01_L025,P01,P01_L025_T004_A01,P01_L025_T004,1,3.0,40,40,10,0.005152002801120506,True,
P01_L025,P01,P01_L025_T004_A02,P01_L025_T004,2,5.0,52,52,10,0.007684278711484624,True,
P01_L025,P01,P01_L025_T004_A03,P01_L025_T004,3,2.5,38,38,10,0.00649876050420172,True,
P01_L025,P01,P01_L025_T004_A04,P01_L025_T004,4,3.5,46,46,11,0.004517696078431379,True,
P01_L025,P01,P01_L025_T005_A01,P01_L025_T005,1,3.5,48,48,10,0.004876288515406191,True,
P01_L025,P01,P01_L025_T005_A02,P01_L025_T005,2,2.5,48,48,11,0.005560959383753544,True,
P01_L025,P01,P01_L025_T005_A03,P01_L025_T005,3,3.0,39,39,10,0.005152002801120506,True,
P01_L025,P01,P01_L025_T005_A04,P01_L025_T005,4,5.0,35,35,10,0.00649876050420172,True,
P01_L025,P01,P01_L025_T006_A01,P01_L025_T006,1,0.5,53,53,10,0.008042913165266136,True,
P01_L025,P01,P01_L025_T006_A02,P01_L025_T006,2,2.0,47,47,11,0.004439537815126068,True,
P01_L025,P01,P01_L025_T006_A03,P01_L025_T006,3,6.0,46,46,10,0.005152023809523856,True,
P01_L025,P01,P01_L025_T006_A04,P01_L025_T006,4,11.3,45,45,10,0.008451848739495824,True,
P01_L025,P01,P01_L025_T007_A01,P01_L025_T007,1,6.0,39,39,10,0.005152002801120506,True,
P01_L025,P01,P01_L025_T007_A02,P01_L025_T007,2,11.3,55,55,10,0.01452808123249303,True,
P01_L025,P01,P01_L025_T007_A03,P01_L025_T007,3,0.5,45,45,10,0.00741123949579835,True,
P01_L025,P01,P01_L025_T007_A04,P01_L025_T007,4,2.0,41,41,11,0.005152002801120506,True,
P01_L025,P01,P01_L025_T008_A01,P01_L025_T008,1,2.0,39,39,10,0.005152002801120506,True,
P01_L025,P01,P01_L025_T008_A02,P01_L025_T008,2,6.0,40,40,10,0.005152002801120506,True,
P01_L025,P01,P01_L025_T008_A03,P01_L025_T008,3,11.3,45,45,10,0.010349460784313744,True,
P01_L025,P01,P01_L025_T008_A04,P01_L025_T008,4,0.5,47,47,10,0.010617058823529455,True,
P01_L025,P01,P01_L025_T009_A01,P01_L025_T009,1,6.0,36,36,10,0.00649876050420172,True,
P01_L025,P01,P01_L025_T009_A02,P01_L025_T009,2,2.0,44,44,10,0.004517696078431379,True,
P01_L025,P01,P01_L025_T009_A03,P01_L025_T009,3,0.5,45,45,10,0.010349432773109277,True,
P01_L025,P01,P01_L025_T009_A04,P01_L025_T009,4,11.3,39,39,10,0.008443550420168106,True,
P01_L025,P01,P01_L025_T010_A01,P01_L025_T010,1,16.0,47,47,10,0.01416747198879554,True,
P01_L025,P01,P01_L025_T010_A02,P01_L025_T010,2,8.0,36,36,11,0.006857352941176531,True,
P01_L025,P01,P01_L025_T010_A03,P01_L025_T010,3,1.0,40,40,10,0.00649876050420172,True,
P01_L025,P01,P01_L025_T010_A04,P01_L025_T010,4,4.0,58,58,11,0.006027296918767537,True,
P01_L025,P01,P01_L025_T011_A01,P01_L025_T011,1,4.0,52,52,11,0.005751582633053261,True,
P01_L025,P01,P01_L025_T011_A02,P01_L025_T011,2,8.0,34,34,10,0.00649876050420172,True,
P01_L025,P01,P01_L025_T011_A03,P01_L025_T011,3,16.0,36,36,10,0.014887850140056079,True,
P01_L025,P01,P01_L025_T011_A04,P01_L025_T011,4,1.0,53,53,11,0.005152002801120506,True,
P01_L038,P01,P01_L038_T001_A01,P01_L038_T001,1,16.0,46,46,10,0.014887846153846187,True,
P01_L038,P01,P01_L038_T001_A02,P01_L038_T001,2,4.0,48,48,10,0.003510846153846208,True,
P01_L038,P01,P01_L038_T001_A03,P01_L038_T001,3,8.0,39,39,10,0.007411230769230807,True,
P01_L038,P01,P01_L038_T001_A04,P01_L038_T001,4,1.0,64,64,11,0.0038038461538461785,True,
P01_L038,P01,P01_L038_T002_A01,P01_L038_T002,1,6.0,45,45,10,0.003961469230769301,True,
P01_L038,P01,P01_L038_T002_A02,P01_L038_T002,2,2.0,39,39,10,0.004517692307692363,True,
P01_L038,P01,P01_L038_T002_A03,P01_L038_T002,3,11.3,61,61,11,0.00828655384615385,True,
P01_L038,P01,P01_L038_T002_A04,P01_L038_T002,4,0.5,46,46,10,0.004517692307692363,True,
P01_L038,P01,P01_L038_T003_A01,P01_L038_T003,1,4.0,43,43,10,0.004517692307692363,True,
P01_L038,P01,P01_L038_T003_A02,P01_L038_T003,2,16.0,37,37,10,0.016978215384615414,True,
P01_L038,P01,P01_L038_T003_A03,P01_L038_T003,3,1.0,49,49,10,0.003961469230769301,True,
P01_L038,P01,P01_L038_T003_A04,P01_L038_T003,4,8.0,52,52,11,0.004565969230769283,True,
P01_L038,P01,P01_L038_T004_A01,P01_L038_T004,1,11.3,47,47,10,0.007820215384615406,True,
P01_L038,P01,P01_L038_T004_A02,P01_L038_T004,2,2.0,46,46,10,0.003235138461538496,True,
P01_L038,P01,P01_L038_T004_A03,P01_L038_T004,3,0.5,44,44,10,0.0068573538461539005,True,
P01_L038,P01,P01_L038_T004_A04,P01_L038_T004,4,6.0,38,38,11,0.004517692307692363,True,
P01_L050,P01,P01_L050_T001_A01,P01_L050_T001,1,0.5,38,38,10,0.010349440789473637,True,
P01_L050,P01,P01_L050_T001_A02,P01_L050_T001,2,11.3,51,51,10,0.007052656249999964,True,
P01_L050,P01,P01_L050_T001_A03,P01_L050_T001,3,6.0,50,50,10,0.0061843421052631105,True,
P01_L050,P01,P01_L050_T001_A04,P01_L050_T001,4,2.0,51,51,10,0.005751570723684159,True,
P01_L050,P01,P01_L050_T002_A01,P01_L050_T002,1,8.0,35,35,10,0.006498782894736816,True,
P01_L050,P01,P01_L050_T002_A02,P01_L050_T002,2,1.0,38,38,10,0.006498782894736816,True,
P01_L050,P01,P01_L050_T002_A03,P01_L050_T002,3,4.0,36,36,10,0.006498782894736816,True,
P01_L050,P01,P01_L050_T002_A04,P01_L050_T002,4,16.0,58,58,11,0.013807771381578907,True,
P01_L050,P01,P01_L050_T003_A01,P01_L050_T003,1,6.0,46,46,10,0.005875419407894732,True,
P01_L050,P01,P01_L050_T003_A02,P01_L050_T003,2,0.5,41,41,11,0.010349440789473637,True,
P01_L050,P01,P01_L050_T003_A03,P01_L050_T003,3,11.3,52,52,10,0.013459794407894706,True,
P01_L050,P01,P01_L050_T003_A04,P01_L050_T003,4,2.0,44,44,10,0.005152023026315776,True,
P01_L050,P01,P01_L050_T004_A01,P01_L050_T004,1,4.0,48,48,11,0.005875419407894732,True,
P01_L050,P01,P01_L050_T004_A02,P01_L050_T004,2,16.0,47,47,10,0.017915024671052635,True,
P01_L050,P01,P01_L050_T004_A03,P01_L050_T004,3,8.0,38,38,11,0.006857368421052582,True,
P01_L050,P01,P01_L050_T004_A04,P01_L050_T004,4,1.0,47,47,10,0.005875419407894732,True,
P01_L050,P01,P01_L050_T005_A01,P01_L050_T005,1,1.0,44,44,10,0.00741124177631573,True,
P01_L050,P01,P01_L050_T005_A02,P01_L050_T005,2,16.0,49,49,10,0.023709218749999976,True,
P01_L050,P01,P01_L050_T005_A03,P01_L050_T005,3,4.0,39,39,10,0.006498782894736816,True,
P01_L050,P01,P01_L050_T005_A04,P01_L050_T005,4,8.0,48,48,10,0.010349440789473637,True,
P01_L050,P01,P01_L050_T006_A01,P01_L050_T006,1,11.3,46,46,10,0.01488783717105258,True,
P01_L050,P01,P01_L050_T006_A02,P01_L050_T006,2,0.5,59,59,10,0.012107738486842044,True,
P01_L050,P01,P01_L050_T006_A03,P01_L050_T006,3,2.0,45,45,10,0.005285205592105222,True,
P01_L050,P01,P01_L050_T006_A04,P01_L050_T006,4,6.0,45,45,11,0.005152023026315776,True,
P01_L072,P01,P01_L072_T001_A01,P01_L072_T001,1,8.0,54,54,10,0.004517703703703666,True,
P01_L072,P01,P01_L072_T001_A02,P01_L072_T001,2,4.0,41,41,10,0.003961481481481444,True,
P01_L072,P01,P01_L072_T001_A03,P01_L072_T001,3,1.0,60,60,10,0.003961481481481444,True,
P01_L072,P01,P01_L072_T001_A04,P01_L072_T001,4,16.0,39,39,10,0.020790166666666637,True,
P01_L072,P01,P01_L072_T002_A01,P01_L072_T002,1,2.0,53,53,10,0.003617194444444442,True,
P01_L072,P01,P01_L072_T002_A02,P01_L072_T002,2,6.0,41,41,10,0.003961481481481444,True,
P01_L072,P01,P01_L072_T002_A03,P01_L072_T002,3,0.5,37,37,10,0.00649878703703698,True,
P01_L072,P01,P01_L072_T002_A04,P01_L072_T002,4,11.3,53,53,10,0.0062340370370370405,True,
P01_L072,P01,P01_L072_T003_A01,P01_L072_T003,1,11.3,48,48,10,0.011802675925925883,True,
P01_L072,P01,P01_L072_T003_A02,P01_L072_T003,2,2.0,47,47,10,0.0036893611111110565,True,
P01_L072,P01,P01_L072_T003_A03,P01_L072_T003,3,0.5,66,66,11,0.007641212962962954,True,
P01_L072,P01,P01_L072_T003_A04,P01_L072_T003,4,6.0,38,38,10,0.004517703703703666,True,
P01_L072,P01,P01_L072_T004_A01,P01_L072_T004,1,8.0,54,54,11,0.005285231481481448,True,
P01_L072,P01,P01_L072_T004_A02,P01_L072_T004,2,4.0,64,64,10,0.00550979629629628,True,
P01_L072,P01,P01_L072_T004_A03,P01_L072_T004,3,1.0,46,46,11,0.003617194444444442,True,
P01_L072,P01,P01_L072_T004_A04,P01_L072_T004,4,16.0,43,43,10,0.016978314814814755,True,
P01_L100,P01,P01_L100_T001_A01,P01_L100_T001,1,6.0,50,50,10,0.0026310108695650715,True,
P01_L100,P01,P01_L100_T001_A02,P01_L100_T001,2,0.5,42,42,10,0.00804288043478258,True,
P01_L100,P01,P01_L100_T001_A03,P01_L100_T001,3,11.3,62,62,10,0.00881838043478252,True,
P01_L100,P01,P01_L100_T001_A04,P01_L100_T001,4,2.0,45,45,10,0.00515203260869563,True,
P01_L100,P01,P01_L100_T002_A01,P01_L100_T002,1,16.0,56,56,10,0.013459815217391143,True,
P01_L100,P01,P01_L100_T002_A02,P01_L100_T002,2,8.0,56,56,11,0.00443955434782602,True,
P01_L100,P01,P01_L100_T002_A03,P01_L100_T002,3,1.0,67,67,11,0.006384315217391179,True,
P01_L100,P01,P01_L100_T002_A04,P01_L100_T002,4,4.0,47,47,10,0.004003826086956457,True,
P01_L100,P01,P01_L100_T003_A01,P01_L100_T003,1,6.0,49,49,10,0.004003826086956457,True,
P01_L100,P01,P01_L100_T003_A02,P01_L100_T003,2,0.5,56,56,11,0.004798152173912903,True,
P01_L100,P01,P01_L100_T003_A03,P01_L100_T003,3,2.0,59,59,10,0.004565956521739084,True,
P01_L100,P01,P01_L100_T003_A04,P01_L100_T003,4,11.3,47,47,10,0.009172195652173734,True,
P01_L100,P01,P01_L100_T004_A01,P01_L100_T004,1,4.0,66,66,11,0.0025203152173912573,True,
P01_L100,P01,P01_L100_T004_A02,P01_L100_T004,2,1.0,52,52,10,0.004207391304347774,True,
P01_L100,P01,P01_L100_T004_A03,P01_L100_T004,3,16.0,47,47,10,0.01252298913043464,True,
P01_L100,P01,P01_L100_T004_A04,P01_L100_T004,4,8.0,46,46,10,0.0030786086956521735,True,
P01_L149,P01,P01_L149_T001_A01,P01_L149_T001,1,8.0,67,67,10,0.004439445945945862,True,
P01_L149,P01,P01_L149_T001_A02,P01_L149_T001,2,4.0,47,47,10,0.0016104729729728862,True,
P01_L149,P01,P01_L149_T001_A03,P01_L149_T001,3,1.0,41,41,10,0.0032351351351351454,True,
P01_L149,P01,P01_L149_T001_A04,P01_L149_T001,4,16.0,69,69,10,0.01795752702702695,True,
P01_L149,P01,P01_L149_T002_A01,P01_L149_T002,1,11.3,54,54,10,0.01180259459459453,True,
P01_L149,P01,P01_L149_T002_A02,P01_L149_T002,2,6.0,54,54,10,0.002248945945945938,True,
P01_L149,P01,P01_L149_T002_A03,P01_L149_T002,3,2.0,68,68,10,0.0016697702702701783,True,
P01_L149,P01,P01_L149_T002_A04,P01_L149_T002,4,0.5,45,45,10,0.0034136486486486158,True,
P01_L149,P01,P01_L149_T003_A01,P01_L149_T003,1,6.0,45,45,10,0.0016104729729728862,True,
P01_L149,P01,P01_L149_T003_A02,P01_L149_T003,2,2.0,77,77,10,0.0019162567567567014,True,
P01_L149,P01,P01_L149_T003_A03,P01_L149_T003,3,0.5,43,43,11,0.0034136486486486158,True,
P01_L149,P01,P01_L149_T003_A04,P01_L149_T003,4,11.3,49,49,10,0.012107824324324355,True,
P01_L149,P01,P01_L149_T004_A01,P01_L149_T004,1,4.0,42,42,10,0.002248945945945938,True,
P01_L149,P01,P01_L149_T004_A02,P01_L149_T004,2,1.0,71,71,11,0.002723972972973032,True,
P01_L149,P01,P01_L149_T004_A03,P01_L149_T004,3,8.0,64,64,11,0.0038037027027026035,True,
P01_L149,P01,P01_L149_T004_A04,P01_L149_T004,4,16.0,42,42,11,0.01570933783783782,True,
P01_L200,P01,P01_L200_T001_A01,P01_L200_T001,1,16.965,67,67,10,0.003643000000000134,True,
P01_L200,P01,P01_L200_T001_A02,P01_L200_T001,2,33.93,45,45,10,0.020957509433962164,True,
P01_L200,P01,P01_L200_T001_A03,P01_L200_T001,3,1.06,63,63,10,0.005379169811320675,True,
P01_L200,P01,P01_L200_T001_A04,P01_L200_T001,4,0.53,60,60,10,0.014836641509434086,True,
P01_L200,P01,P01_L200_T001_A05,P01_L200_T001,5,2.121,66,66,10,0.003141660377358463,True,
P01_L200,P01,P01_L200_T001_A06,P01_L200_T001,6,8.483,62,62,10,0.0014474716981131867,True,
P01_L200,P01,P01_L200_T001_A07,P01_L200_T001,7,4.241,58,58,10,0.0014112641509434758,True,
P01_L200,P01,P01_L200_T002_A01,P01_L200_T002,1,33.93,55,55,10,0.043878679245283214,True,
P01_L200,P01,P01_L200_T002_A02,P01_L200_T002,2,4.241,55,55,10,0.0027279056603773627,True,
P01_L200,P01,P01_L200_T002_A03,P01_L200_T002,3,0.53,63,63,10,0.006145339622641707,True,
P01_L200,P01,P01_L200_T002_A04,P01_L200_T002,4,16.965,55,55,10,0.005175886792452917,True,
P01_L200,P01,P01_L200_T002_A05,P01_L200_T002,5,2.121,70,70,10,0.0018401698113208924,True,
P01_L200,P01,P01_L200_T002_A06,P01_L200_T002,6,1.06,58,58,10,0.011650679245283027,True,
P01_L200,P01,P01_L200_T002_A07,P01_L200_T002,7,8.483,62,62,11,0.0016184339622643223,True,
P01_L200,P01,P01_L200_T003_A01,P01_L200_T003,1,4.241,50,50,10,0.0016492641509434696,True,
P01_L200,P01,P01_L200_T003_A02,P01_L200_T003,2,2.121,68,68,11,0.001476641509434089,True,
P01_L200,P01,P01_L200_T003_A03,P01_L200_T003,3,0.53,68,68,10,0.006885377358490657,True,
P01_L200,P01,P01_L200_T003_A04,P01_L200_T003,4,16.965,53,53,10,0.0018766226415094468,True,
P01_L200,P01,P01_L200_T003_A05,P01_L200_T003,5,1.06,80,80,10,0.0017567547169812907,True,
P01_L200,P01,P01_L200_T003_A06,P01_L200_T003,6,33.93,59,59,10,0.030849226415094307,True,
P01_L200,P01,P01_L200_T003_A07,P01_L200_T003,7,8.483,58,58,11,0.0016184339622643223,True,
P01_L200,P01,P01_L200_T004_A01,P01_L200_T004,1,8.483,43,43,10,0.001257735849056741,True,
P01_L200,P01,P01_L200_T004_A02,P01_L200_T004,2,33.93,52,52,11,0.029602981132075434,True,
P01_L200,P01,P01_L200_T004_A03,P01_L200_T004,3,0.53,50,50,10,0.003290792452830218,True,
P01_L200,P01,P01_L200_T004_A04,P01_L200_T004,4,2.121,67,67,11,0.0014423018867924299,True,
P01_L200,P01,P01_L200_T004_A05,P01_L200_T004,5,4.241,42,42,10,0.0018573018867925803,True,
P01_L200,P01,P01_L200_T004_A06,P01_L200_T004,6,1.06,44,44,10,0.0014990377358492302,True,
P01_L200,P01,P01_L200_T004_A07,P01_L200_T004,7,16.965,54,54,10,0.005586433962264218,True,
P01_L200,P01,P01_L200_T005_A01,P01_L200_T005,1,2.121,56,56,10,0.0018676792452831307,True,
P01_L200,P01,P01_L200_T005_A02,P01_L200_T005,2,8.483,66,66,11,0.0013000754716981692,True,
P01_L200,P01,P01_L200_T005_A03,P01_L200_T005,3,33.93,46,46,10,0.021313886792452837,True,
P01_L200,P01,P01_L200_T005_A04,P01_L200_T005,4,1.06,47,47,10,0.009275245283018837,True,
P01_L200,P01,P01_L200_T005_A05,P01_L200_T005,5,0.53,45,45,10,0.003962339622641662,True,
P01_L200,P01,P01_L200_T005_A06,P01_L200_T005,6,16.965,50,50,10,0.004932320754717176,True,
P01_L200,P01,P01_L200_T005_A07,P01_L200_T005,7,4.241,62,62,10,0.0018677358490567907,True,
P01_L300,P01,P01_L300_T001_A01,P01_L300_T001,1,4.241,48,48,11,0.008296499999999547,True,
P01_L300,P01,P01_L300_T001_A02,P01_L300_T001,2,0.53,49,49,10,0.021213772727272803,True,
P01_L300,P01,P01_L300_T001_A03,P01_L300_T001,3,2.121,33,33,10,0.011273500000000018,True,
P01_L300,P01,P01_L300_T001_A04,P01_L300_T001,4,16.965,34,34,10,0.006303909090909045,True,
P01_L300,P01,P01_L300_T001_A05,P01_L300_T001,5,1.06,45,45,11,0.016647272727272525,True,
P01_L300,P01,P01_L300_T001_A06,P01_L300_T001,6,8.483,40,40,10,0.005618363636363104,True,
P01_L300,P01,P01_L300_T002_A01,P01_L300_T002,1,8.483,52,52,10,0.007569681818181408,True,
P01_L300,P01,P01_L300_T002_A02,P01_L300_T002,2,1.06,53,53,10,0.018469090909091115,True,
P01_L300,P01,P01_L300_T002_A03,P01_L300_T002,3,33.93,46,46,10,0.026533636363636332,True,
P01_L300,P01,P01_L300_T002_A04,P01_L300_T002,4,16.965,38,38,10,0.006664909090908778,True,
P01_L300,P01,P01_L300_T002_A05,P01_L300_T002,5,4.241,44,44,10,0.008296499999999547,True,
P01_L300,P01,P01_L300_T002_A06,P01_L300_T002,6,2.121,43,43,10,0.006603272727273064,True,
P01_L300,P01,P01_L300_T002_A07,P01_L300_T002,7,0.53,42,42,10,0.014782545454545222,True,
P01_L300,P01,P01_L300_T003_A01,P01_L300_T003,1,16.965,40,40,10,0.006664909090908778,True,
P01_L300,P01,P01_L300_T003_A02,P01_L300_T003,2,33.93,49,49,11,0.02608781818181815,True,
P01_L300,P01,P01_L300_T003_A03,P01_L300_T003,3,4.241,44,44,10,0.005274818181817813,True,
P01_L300,P01,P01_L300_T003_A04,P01_L300_T003,4,0.53,60,60,10,0.01771536363636341,True,
P01_L300,P01,P01_L300_T003_A05,P01_L300_T003,5,2.121,60,60,10,0.007092545454545126,True,
P01_L300,P01,P01_L300_T003_A06,P01_L300_T003,6,8.483,40,40,10,0.005618363636363104,True,
P01_L300,P01,P01_L300_T003_A07,P01_L300_T003,7,1.06,40,40,10,0.010047545454545066,True,
P01_L300,P01,P01_L300_T004_A01,P01_L300_T004,1,8.483,64,64,11,0.005808363636363521,True,
P01_L300,P01,P01_L300_T004_A02,P01_L300_T004,2,33.93,49,49,10,0.022974227272727257,True,
P01_L300,P01,P01_L300_T004_A03,P01_L300_T004,3,2.121,58,58,11,0.007439045454545677,True,
P01_L300,P01,P01_L300_T004_A04,P01_L300_T004,4,0.53,43,43,10,0.02684859090909037,True,
P01_L300,P01,P01_L300_T005_A01,P01_L300_T005,1,1.06,61,61,10,0.01059568181818132,True,
P01_L300,P01,P01_L300_T005_A02,P01_L300_T005,2,16.965,40,40,10,0.006156090909090953,True,
P01_L300,P01,P01_L300_T005_A03,P01_L300_T005,3,33.93,43,43,10,0.02833022727272756,True,
P01_L300,P01,P01_L300_T005_A04,P01_L300_T005,4,4.241,70,70,10,0.0067153636363635125,True,
P01_L370,P01,P01_L370_T001_A01,P01_L370_T001,1,1.0,44,44,10,0.016157100000001576,True,
P01_L370,P01,P01_L370_T001_A02,P01_L370_T001,2,8.0,44,44,10,0.009075300000001,True,
P01_L370,P01,P01_L370_T001_A03,P01_L370_T001,3,16.0,39,39,10,0.014888100000001167,True,
P01_L370,P01,P01_L370_T001_A04,P01_L370_T001,4,4.0,59,59,11,0.006341900000000894,True,
P01_L370,P01,P01_L370_T002_A01,P01_L370_T002,1,1.0,41,41,10,0.018425400000000574,True,
P01_L370,P01,P01_L370_T002_A02,P01_L370_T002,2,8.0,53,53,11,0.004798200000000192,True,
P01_L370,P01,P01_L370_T002_A03,P01_L370_T002,3,16.0,56,56,10,0.015350200000001632,True,
P01_L370,P01,P01_L370_T002_A04,P01_L370_T002,4,4.0,42,42,10,0.009075300000001,True,
P01_L370,P01,P01_L370_T003_A01,P01_L370_T003,1,2.0,37,37,10,0.007411300000000891,True,
P01_L370,P01,P01_L370_T003_A02,P01_L370_T003,2,6.0,49,49,11,0.009638900000000774,True,
P01_L370,P01,P01_L370_T003_A03,P01_L370_T003,3,12.0,50,50,10,0.00844370000000038,True,
P01_L370,P01,P01_L370_T003_A04,P01_L370_T003,4,0.5,66,66,10,0.025730000000000454,True,
P01_L370,P01,P01_L370_T004_A01,P01_L370_T004,1,12.0,41,41,10,0.011802900000000827,True,
P01_L370,P01,P01_L370_T004_A02,P01_L370_T004,2,6.0,41,41,10,0.007411300000000891,True,
P01_L370,P01,P01_L370_T004_A03,P01_L370_T004,3,2.0,67,67,10,0.010930900000000177,True,
P01_L370,P01,P01_L370_T004_A04,P01_L370_T004,4,0.5,36,36,10,0.03410630000000078,True,
P01_L403,P01,P01_L403_T001_A01,P01_L403_T001,1,6.0,44,44,10,0.009639250000001423,True,
P01_L403,P01,P01_L403_T001_A02,P01_L403_T001,2,0.5,47,47,10,0.023962750000000567,True,
P01_L403,P01,P01_L403_T001_A03,P01_L403_T001,3,2.0,58,58,10,0.010171250000001733,True,
P01_L403,P01,P01_L403_T001_A04,P01_L403_T001,4,12.0,52,52,10,0.010991750000000067,True,
P01_L403,P01,P01_L403_T002_A01,P01_L403_T002,1,1.0,52,52,10,0.01791575000000266,True,
P01_L403,P01,P01_L403_T002_A02,P01_L403_T002,2,4.0,41,41,10,0.010350000000000626,True,
P01_L403,P01,P01_L403_T002_A03,P01_L403_T002,3,16.0,50,50,10,0.01664650000000044,True,
P01_L403,P01,P01_L403_T002_A04,P01_L403_T002,4,8.0,44,44,11,0.007820500000002555,True,
P01_L403,P01,P01_L403_T003_A01,P01_L403_T003,1,4.0,52,52,11,0.008286500000001522,True,
P01_L403,P01,P01_L403_T003_A02,P01_L403_T003,2,1.0,33,33,10,0.014888500000001512,True,
P01_L403,P01,P01_L403_T003_A03,P01_L403_T003,3,8.0,42,42,11,0.007820500000002555,True,
P01_L403,P01,P01_L403_T003_A04,P01_L403_T003,4,16.0,39,39,10,0.01842625000000318,True,
P01_L403,P01,P01_L403_T004_A01,P01_L403_T004,1,2.0,57,57,11,0.011930000000001651,True,
P01_L403,P01,P01_L403_T004_A02,P01_L403_T004,2,12.0,43,43,10,0.015710500000001834,True,
P01_L403,P01,P01_L403_T004_A03,P01_L403_T004,3,0.5,38,38,10,0.027038500000001162,True,
P01_L403,P01,P01_L403_T004_A04,P01_L403_T004,4,6.0,47,47,10,0.007052750000000045,True,
P02_L010,P02,P02_L010_T001_A01,P02_L010_T001,1,4.0,37,37,10,0.005115918618988897,True,
P02_L010,P02,P02_L010_T001_A02,P02_L010_T001,2,16.0,46,46,10,0.012366559802712703,True,
P02_L010,P02,P02_L010_T001_A03,P02_L010_T001,3,1.0,33,33,10,0.005115918618988897,True,
P02_L010,P02,P02_L010_T002_A01,P02_L010_T002,1,16.0,44,44,10,0.008147225647348951,True,
P02_L010,P02,P02_L010_T002_A02,P02_L010_T002,2,11.3,40,40,10,0.006331467324290997,True,
P02_L010,P02,P02_L010_T002_A03,P02_L010_T002,3,22.5,51,51,10,0.037893477188655975,True,
P02_L010,P02,P02_L010_T003_A01,P02_L010_T003,1,11.3,52,52,9,0.0077111713933415505,False,author_reason_not_recorded
P02_L010,P02,P02_L010_T003_A02,P02_L010_T003,2,22.5,48,48,9,0.004486041923551178,False,author_reason_not_recorded
P02_L010,P02,P02_L010_T004_A01,P02_L010_T004,1,11.3,49,49,11,0.00758757706535141,True,
P02_L010,P02,P02_L010_T004_A02,P02_L010_T004,2,22.5,45,45,10,0.024273341553637483,True,
P02_L010,P02,P02_L010_T005_A01,P02_L010_T005,1,1.0,37,37,10,0.005115918618988897,True,
P02_L010,P02,P02_L010_T005_A02,P02_L010_T005,2,11.3,39,39,10,0.008147207151664605,True,
P02_L010,P02,P02_L010_T006_A01,P02_L010_T006,1,2.0,39,39,10,0.004055733662145507,True,
P02_L010,P02,P02_L010_T006_A02,P02_L010_T006,2,0.5,38,38,11,0.006653409371146734,True,
P02_L010,P02,P02_L010_T006_A03,P02_L010_T006,3,8.0,35,35,10,0.005115918618988897,True,
P02_L010,P02,P02_L010_T006_A04,P02_L010_T006,4,32.0,38,38,11,0.009291122071516632,True,
P02_L010,P02,P02_L010_T007_A01,P02_L010_T007,1,8.0,39,39,10,0.005115918618988897,True,
P02_L010,P02,P02_L010_T007_A02,P02_L010_T007,2,0.5,40,40,10,0.008147213316892731,True,
P02_L010,P02,P02_L010_T007_A03,P02_L010_T007,3,32.0,37,37,10,0.008147213316892731,True,
P02_L010,P02,P02_L010_T007_A04,P02_L010_T007,4,2.0,41,41,10,0.004055733662145507,True,
P02_L010,P02,P02_L010_T008_A01,P02_L010_T008,1,8.0,50,50,10,0.0043776695437731175,True,
P02_L010,P02,P02_L010_T008_A02,P02_L010_T008,2,32.0,48,48,10,0.011152811344019721,True,
P02_L010,P02,P02_L010_T008_A03,P02_L010_T008,3,0.5,45,45,10,0.007144118372379763,True,
P02_L010,P02,P02_L010_T008_A04,P02_L010_T008,4,2.0,41,41,11,0.004055733662145507,True,
P02_L010,P02,P02_L010_T009_A01,P02_L010_T009,1,2.0,37,37,10,0.005115918618988897,True,
P02_L010,P02,P02_L010_T009_A02,P02_L010_T009,2,8.0,58,58,11,0.00462518495684341,True,
P02_L010,P02,P02_L010_T009_A03,P02_L010_T009,3,32.0,48,48,10,0.012083421701602948,True,
P02_L010,P02,P02_L010_T009_A04,P02_L010_T009,4,0.5,44,44,10,0.008147207151664605,True,
P02_L010,P02,P02_L010_T010_A01,P02_L010_T010,1,16.0,50,50,10,0.017665289765721324,True,
P02_L010,P02,P02_L010_T010_A02,P02_L010_T010,2,1.0,48,48,10,0.005398212083847092,True,
P02_L010,P02,P02_L010_T010_A03,P02_L010_T010,3,4.0,46,46,10,0.004160610357583222,True,
P02_L010,P02,P02_L010_T011_A01,P02_L010_T011,1,4.0,46,46,11,0.004625203452527741,True,
P02_L010,P02,P02_L010_T011_A02,P02_L010_T011,2,16.0,41,41,10,0.026848736128236746,True,
P02_L010,P02,P02_L010_T011_A03,P02_L010_T011,3,1.0,32,32,10,0.005115918618988897,True,
P02_L010,P02,P02_L010_T012_A01,P02_L010_T012,1,1.0,41,41,10,0.005115918618988897,True,
P02_L010,P02,P02_L010_T012_A02,P02_L010_T012,2,4.0,36,36,11,0.003556399506781747,True,
P02_L010,P02,P02_L010_T012_A03,P02_L010_T012,3,16.0,42,42,10,0.014504543773119619,True,
P02_L026,P02,P02_L026_T001_A01,P02_L026_T001,1,16.0,43,43,10,0.014395211267605668,True,
P02_L026,P02,P02_L026_T001_A02,P02_L026_T001,2,1.0,36,36,10,0.0047210492957746415,True,
P02_L026,P02,P02_L026_T001_A03,P02_L026_T001,3,4.0,48,48,11,0.004843119718309868,True,
P02_L026,P02,P02_L026_T002_A01,P02_L026_T002,1,32.0,61,61,11,0.010072450704225366,True,
P02_L026,P02,P02_L026_T002_A02,P02_L026_T002,2,8.0,49,49,10,0.005383922535211292,True,
P02_L026,P02,P02_L026_T002_A03,P02_L026_T002,3,2.0,40,40,11,0.0047210492957746415,True,
P02_L026,P02,P02_L026_T002_A04,P02_L026_T002,4,0.5,47,47,10,0.011094950704225389,True,
P02_L026,P02,P02_L026_T003_A01,P02_L026_T003,1,0.5,49,49,10,0.008404936619718327,True,
P02_L026,P02,P02_L026_T003_A02,P02_L026_T003,2,2.0,38,38,10,0.0047210492957746415,True,
P02_L026,P02,P02_L026_T003_A03,P02_L026_T003,3,32.0,51,51,10,0.009585035211267648,True,
P02_L026,P02,P02_L026_T003_A04,P02_L026_T003,4,8.0,42,42,10,0.005955161971830995,True,
P02_L026,P02,P02_L026_T004_A01,P02_L026_T004,1,2.0,43,43,10,0.005955161971830995,True,
P02_L026,P02,P02_L026_T004_A02,P02_L026_T004,2,8.0,34,34,10,0.005955140845070442,True,
P02_L026,P02,P02_L026_T004_A03,P02_L026_T004,3,0.5,41,41,10,0.009483711267605648,True,
P02_L026,P02,P02_L026_T004_A04,P02_L026_T004,4,32.0,36,36,10,0.009483711267605648,True,
P02_L026,P02,P02_L026_T005_A01,P02_L026_T005,1,32.0,40,40,10,0.009483711267605648,True,
P02_L026,P02,P02_L026_T005_A02,P02_L026_T005,2,0.5,43,43,10,0.009483711267605648,True,
P02_L026,P02,P02_L026_T005_A03,P02_L026_T005,3,8.0,43,43,11,0.005383922535211292,True,
P02_L026,P02,P02_L026_T005_A04,P02_L026_T005,4,2.0,39,39,11,0.0047210492957746415,True,
P02_L026,P02,P02_L026_T006_A01,P02_L026_T006,1,1.0,34,34,10,0.005955140845070442,True,
P02_L026,P02,P02_L026_T006_A02,P02_L026_T006,2,16.0,48,48,10,0.015557992957746507,True,
P02_L026,P02,P02_L026_T006_A03,P02_L026_T006,3,4.0,38,38,10,0.005955140845070442,True,
P02_L026,P02,P02_L026_T007_A01,P02_L026_T007,1,16.0,47,47,11,0.011673732394366237,True,
P02_L026,P02,P02_L026_T007_A02,P02_L026_T007,2,4.0,42,42,11,0.005383922535211292,True,
P02_L026,P02,P02_L026_T007_A03,P02_L026_T007,3,1.0,36,36,10,0.005955140845070442,True,
P02_L026,P02,P02_L026_T008_A01,P02_L026_T008,1,4.0,34,34,10,0.005955140845070442,True,
P02_L026,P02,P02_L026_T008_A02,P02_L026_T008,2,1.0,40,40,10,0.005955140845070442,True,
P02_L026,P02,P02_L026_T008_A03,P02_L026_T008,3,16.0,36,36,10,0.013642429577464815,True,
P02_L049,P02,P02_L049_T001_A01,P02_L049_T001,1,2.0,67,67,11,0.0014059754098360495,True,
P02_L049,P02,P02_L049_T001_A02,P02_L049_T001,2,11.3,59,59,10,0.0023861803278688353,True,
P02_L049,P02,P02_L049_T001_A03,P02_L049_T001,3,0.5,47,47,10,0.0019720409836065295,True,
P02_L049,P02,P02_L049_T001_A04,P02_L049_T001,4,6.0,47,47,10,0.0016104836065573267,True,
P02_L049,P02,P02_L049_T002_A01,P02_L049_T002,1,2.0,51,51,10,0.001276745901639325,True,
P02_L049,P02,P02_L049_T002_A02,P02_L049_T002,2,11.3,67,67,10,0.0041250819672130675,True,
P02_L049,P02,P02_L049_T002_A03,P02_L049_T002,3,0.5,43,43,10,0.0019720409836065295,True,
P02_L049,P02,P02_L049_T002_A04,P02_L049_T002,4,6.0,59,59,10,0.0008459426229507796,True,
P02_L049,P02,P02_L049_T003_A01,P02_L049_T003,1,16.0,43,43,10,0.014167499999999958,True,
P02_L049,P02,P02_L049_T003_A02,P02_L049_T003,2,8.0,69,69,10,0.0017921721311475462,True,
P02_L049,P02,P02_L049_T003_A03,P02_L049_T003,3,4.0,81,81,10,0.0010810491803278416,True,
P02_L049,P02,P02_L049_T003_A04,P02_L049_T003,4,1.0,44,44,10,0.0016104836065573267,True,
P02_L049,P02,P02_L049_T004_A01,P02_L049_T004,1,4.0,51,51,10,0.0011195491803278248,True,
P02_L049,P02,P02_L049_T004_A02,P02_L049_T004,2,1.0,57,57,10,0.0016104836065573267,True,
P02_L049,P02,P02_L049_T004_A03,P02_L049_T004,3,8.0,60,60,10,0.001464229508196665,True,
P02_L049,P02,P02_L049_T004_A04,P02_L049_T004,4,16.0,38,38,10,0.01488784426229504,True,
P02_L049,P02,P02_L049_T005_A01,P02_L049_T005,1,6.0,53,53,10,0.0015325573770491505,True,
P02_L049,P02,P02_L049_T005_A02,P02_L049_T005,2,11.3,67,67,11,0.004691803278688485,True,
P02_L049,P02,P02_L049_T005_A03,P02_L049_T005,3,2.0,50,50,10,0.001276745901639325,True,
P02_L049,P02,P02_L049_T005_A04,P02_L049_T005,4,0.5,64,64,11,0.0022100573770491355,True,
P02_L049,P02,P02_L049_T006_A01,P02_L049_T006,1,0.5,54,54,10,0.0017292622950819151,True,
P02_L049,P02,P02_L049_T006_A02,P02_L049_T006,2,6.0,43,43,10,0.002248959016393397,True,
P02_L049,P02,P02_L049_T006_A03,P02_L049_T006,3,11.3,47,47,10,0.0032351311475409808,True,
P02_L049,P02,P02_L049_T006_A04,P02_L049_T006,4,2.0,52,52,10,0.001119557377049132,True,
P02_L049,P02,P02_L049_T007_A01,P02_L049_T007,1,16.0,46,46,10,0.01034945901639341,True,
P02_L049,P02,P02_L049_T007_A02,P02_L049_T007,2,8.0,62,62,10,0.0025647377049179904,True,
P02_L049,P02,P02_L049_T007_A03,P02_L049_T007,3,1.0,50,50,10,0.0016104836065573267,True,
P02_L049,P02,P02_L049_T007_A04,P02_L049_T007,4,4.0,65,65,11,0.0014059754098360495,True,
P02_L049,P02,P02_L049_T008_A01,P02_L049_T008,1,8.0,57,57,10,0.0020944836065573303,True,
P02_L049,P02,P02_L049_T008_A02,P02_L049_T008,2,4.0,60,60,10,0.0013781065573770508,True,
P02_L049,P02,P02_L049_T008_A03,P02_L049_T008,3,16.0,49,49,10,0.012107770491803237,True,
P02_L049,P02,P02_L049_T008_A04,P02_L049_T008,4,1.0,66,66,11,0.0013780491803278552,True,
P02_L100,P02,P02_L100_T001_A01,P02_L100_T001,1,0.5,53,53,10,0.0071093369565216925,True,
P02_L100,P02,P02_L100_T001_A02,P02_L100_T001,2,11.3,41,41,10,0.007411271739130395,True,
P02_L100,P02,P02_L100_T001_A03,P02_L100_T001,3,6.0,50,50,10,0.003413652173912999,True,
P02_L100,P02,P02_L100_T001_A04,P02_L100_T001,4,2.0,72,72,10,0.002053478260869483,True,
P02_L100,P02,P02_L100_T002_A01,P02_L100_T002,1,11.3,46,46,10,0.007266347826086991,True,
P02_L100,P02,P02_L100_T002_A02,P02_L100_T002,2,6.0,59,59,11,0.0025647065217391293,True,
P02_L100,P02,P02_L100_T002_A03,P02_L100_T002,3,0.5,54,54,10,0.004275913043478225,True,
P02_L100,P02,P02_L100_T002_A04,P02_L100_T002,4,2.0,54,54,10,0.0024274456521738742,True,
P02_L100,P02,P02_L100_T003_A01,P02_L100_T003,1,4.0,54,54,11,0.005560956521739095,True,
P02_L100,P02,P02_L100_T003_A02,P02_L100_T003,2,16.0,44,44,10,0.015709326086956334,True,
P02_L100,P02,P02_L100_T003_A03,P02_L100_T003,3,8.0,57,57,10,0.002941347826086919,True,
P02_L100,P02,P02_L100_T003_A04,P02_L100_T003,4,1.0,47,47,10,0.007820184782608588,True,
P02_L100,P02,P02_L100_T004_A01,P02_L100_T004,1,8.0,54,54,10,0.0036172065217390447,True,
P02_L100,P02,P02_L100_T004_A02,P02_L100_T004,2,4.0,53,53,10,0.005466434782608694,True,
P02_L100,P02,P02_L100_T004_A03,P02_L100_T004,3,16.0,41,41,10,0.023709271739130254,True,
P02_L100,P02,P02_L100_T004_A04,P02_L100_T004,4,1.0,86,86,11,0.0037379456521738717,True,
P02_L100,P02,P02_L100_T005_A01,P02_L100_T005,1,1.0,68,68,10,0.010056554347826051,True,
P02_L100,P02,P02_L100_T005_A02,P02_L100_T005,2,16.0,42,42,10,0.014887847826086775,True,
P02_L100,P02,P02_L100_T005_A03,P02_L100_T005,3,4.0,54,54,10,0.0038929565217391358,True,
P02_L100,P02,P02_L100_T005_A04,P02_L100_T005,4,8.0,44,44,10,0.005466478260869541,True,
P02_L100,P02,P02_L100_T006_A01,P02_L100_T006,1,1.0,59,59,10,0.007411271739130395,True,
P02_L100,P02,P02_L100_T006_A02,P02_L100_T006,2,4.0,53,53,10,0.007411271739130395,True,
P02_L100,P02,P02_L100_T006_A03,P02_L100_T006,3,8.0,54,54,10,0.004634532608695532,True,
P02_L100,P02,P02_L100_T006_A04,P02_L100_T006,4,16.0,53,53,10,0.014167565217391202,True,
P02_L100,P02,P02_L100_T007_A01,P02_L100_T007,1,11.3,65,65,10,0.0071092499999998796,True,
P02_L100,P02,P02_L100_T007_A02,P02_L100_T007,2,0.5,54,54,10,0.004517684782608654,True,
P02_L100,P02,P02_L100_T007_A03,P02_L100_T007,3,6.0,45,45,10,0.0036893152173911557,True,
P02_L100,P02,P02_L100_T007_A04,P02_L100_T007,4,2.0,52,52,10,0.003375423913043342,True,
P02_L100,P02,P02_L100_T008_A01,P02_L100_T008,1,2.0,59,59,11,0.003335489130434669,True,
P02_L100,P02,P02_L100_T008_A02,P02_L100_T008,2,0.5,48,48,10,0.004634532608695532,True,
P02_L100,P02,P02_L100_T008_A03,P02_L100_T008,3,6.0,48,48,11,0.0025647065217391293,True,
P02_L100,P02,P02_L100_T008_A04,P02_L100_T008,4,11.3,49,49,10,0.009172195652173734,True,
P02_L204,P02,P02_L204_T001_A01,P02_L204_T001,1,8.0,51,51,10,0.003892910714285713,True,
P02_L204,P02,P02_L204_T001_A02,P02_L204_T001,2,16.0,57,57,10,0.015349607142857236,True,
P02_L204,P02,P02_L204_T001_A03,P02_L204_T001,3,1.0,49,49,10,0.013459767857142937,True,
P02_L204,P02,P02_L204_T001_A04,P02_L204_T001,4,4.0,55,55,10,0.003849446428571506,True,
P02_L204,P02,P02_L204_T002_A01,P02_L204_T002,1,1.0,57,57,10,0.017714535714285655,True,
P02_L204,P02,P02_L204_T002_A02,P02_L204_T002,2,8.0,73,73,10,0.0017033392857145255,True,
P02_L204,P02,P02_L204_T002_A03,P02_L204_T002,3,16.0,49,49,10,0.013459767857142937,True,
P02_L204,P02,P02_L204_T002_A04,P02_L204_T002,4,4.0,56,56,10,0.0071092857142859445,True,
P02_L204,P02,P02_L204_T003_A01,P02_L204_T003,1,0.5,59,59,10,0.018983517857142876,True,
P02_L204,P02,P02_L204_T003_A02,P02_L204_T003,2,6.0,69,69,10,0.002185267857142998,True,
P02_L204,P02,P02_L204_T003_A03,P02_L204_T003,3,2.0,55,55,10,0.005560964285714461,True,
P02_L204,P02,P02_L204_T003_A04,P02_L204_T003,4,12.0,56,56,10,0.0068736250000000654,True,
P02_L204,P02,P02_L204_T004_A01,P02_L204_T004,1,0.5,47,47,10,0.023709267857142943,True,
P02_L204,P02,P02_L204_T004_A02,P02_L204_T004,2,2.0,70,70,10,0.006470089285714424,True,
P02_L204,P02,P02_L204_T004_A03,P02_L204_T004,3,6.0,51,51,10,0.001836607142857319,True,
P02_L204,P02,P02_L204_T004_A04,P02_L204_T004,4,12.0,51,51,10,0.009075250000000121,True,
P02_L300,P02,P02_L300_T001_A01,P02_L300_T001,1,0.5,40,40,10,0.0237092142857145,True,
P02_L300,P02,P02_L300_T001_A02,P02_L300_T001,2,2.0,50,50,10,0.010617071428571457,True,
P02_L300,P02,P02_L300_T001_A03,P02_L300_T001,3,6.0,48,48,10,0.007820107142857333,True,
P02_L300,P02,P02_L300_T001_A04,P02_L300_T001,4,12.0,46,46,10,0.014167428571428987,True,
P02_L300,P02,P02_L300_T002_A01,P02_L300_T002,1,6.0,64,64,11,0.007076428571428649,True,
P02_L300,P02,P02_L300_T002_A02,P02_L300_T002,2,2.0,48,48,10,0.010617071428571457,True,
P02_L300,P02,P02_L300_T002_A03,P02_L300_T002,3,12.0,46,46,10,0.009638571428571432,True,
P02_L300,P02,P02_L300_T002_A04,P02_L300_T002,4,0.5,52,52,10,0.014528000000000159,True,
P02_L300,P02,P02_L300_T003_A01,P02_L300_T003,1,8.0,51,51,10,0.0074111785714286995,True,
P02_L300,P02,P02_L300_T003_A02,P02_L300_T003,2,1.0,62,62,11,0.009424785714286033,True,
P02_L300,P02,P02_L300_T003_A03,P02_L300_T003,3,16.0,41,41,10,0.01697814285714321,True,
P02_L300,P02,P02_L300_T003_A04,P02_L300_T003,4,4.0,41,41,10,0.0074111785714286995,True,
P02_L300,P02,P02_L300_T004_A01,P02_L300_T004,1,1.0,45,45,10,0.01697814285714321,True,
P02_L300,P02,P02_L300_T004_A02,P02_L300_T004,2,4.0,62,62,10,0.009993571428571331,True,
P02_L300,P02,P02_L300_T004_A03,P02_L300_T004,3,16.0,48,48,10,0.022894071428571677,True,
P02_L300,P02,P02_L300_T004_A04,P02_L300_T004,4,8.0,55,55,10,0.008918214285714392,True,
P03_L010,P03,P03_L010_T001_A01,P03_L010_T001,1,1.0,46,46,10,0.0015845740740740792,True,
P03_L010,P03,P03_L010_T001_A02,P03_L010_T001,2,8.0,51,51,10,0.0018537839506172792,True,
P03_L010,P03,P03_L010_T001_A03,P03_L010_T001,3,4.0,42,42,10,0.0012940370370370382,True,
P03_L010,P03,P03_L010_T001_A04,P03_L010_T001,4,16.0,40,40,10,0.0012940370370370382,True,
P03_L010,P03,P03_L010_T002_A01,P03_L010_T002,1,11.3,66,66,11,0.0024960308641975284,True,
P03_L010,P03,P03_L010_T002_A02,P03_L010_T002,2,0.5,45,45,10,0.0023501666666666506,True,
P03_L010,P03,P03_L010_T002_A03,P03_L010_T002,3,6.0,55,55,10,0.001919265432098766,True,
P03_L010,P03,P03_L010_T002_A04,P03_L010_T002,4,2.0,49,49,10,0.0011699320987654284,True,
P03_L010,P03,P03_L010_T003_A01,P03_L010_T003,1,6.0,41,41,10,0.0012940370370370382,True,
P03_L010,P03,P03_L010_T003_A02,P03_L010_T003,2,0.5,38,38,10,0.002599493827160482,True,
P03_L010,P03,P03_L010_T003_A03,P03_L010_T003,3,2.0,41,41,10,0.0012940370370370382,True,
P03_L010,P03,P03_L010_T003_A04,P03_L010_T003,4,11.3,47,47,11,0.0014468641975308636,True,
P03_L010,P03,P03_L010_T004_A01,P03_L010_T004,1,11.3,58,58,10,0.003380697530864188,True,
P03_L010,P03,P03_L010_T004_A02,P03_L010_T004,2,6.0,52,52,11,0.001557148148148146,True,
P03_L010,P03,P03_L010_T004_A03,P03_L010_T004,3,0.5,51,51,10,0.0018070802469135725,True,
P03_L010,P03,P03_L010_T004_A04,P03_L010_T004,4,2.0,37,37,10,0.0012940370370370382,True,
P03_L010,P03,P03_L010_T005_A01,P03_L010_T005,1,0.5,42,42,10,0.002599493827160482,True,
P03_L010,P03,P03_L010_T005_A02,P03_L010_T005,2,2.0,42,42,10,0.0012940370370370382,True,
P03_L010,P03,P03_L010_T005_A03,P03_L010_T005,3,6.0,60,60,10,0.001682944444444431,True,
P03_L010,P03,P03_L010_T005_A04,P03_L010_T005,4,11.3,46,46,10,0.001365438271604947,True,
P03_L010,P03,P03_L010_T006_A01,P03_L010_T006,1,8.0,49,49,10,0.0012314259259259188,True,
P03_L010,P03,P03_L010_T006_A02,P03_L010_T006,2,4.0,44,44,10,0.0012940370370370382,True,
P03_L010,P03,P03_L010_T006_A03,P03_L010_T006,3,16.0,47,47,10,0.002060796296296296,True,
P03_L010,P03,P03_L010_T006_A04,P03_L010_T006,4,1.0,37,37,10,0.0012940370370370382,True,
P03_L010,P03,P03_L010_T007_A01,P03_L010_T007,1,1.0,44,44,10,0.001365438271604947,True,
P03_L010,P03,P03_L010_T007_A02,P03_L010_T007,2,4.0,42,42,10,0.0015845740740740792,True,
P03_L010,P03,P03_L010_T007_A03,P03_L010_T007,3,16.0,66,66,10,0.003505302469135792,True,
P03_L010,P03,P03_L010_T007_A04,P03_L010_T007,4,8.0,51,51,10,0.0018264012345679008,True,
P03_L010,P03,P03_L010_T008_A01,P03_L010_T008,1,4.0,48,48,10,0.0012940370370370382,True,
P03_L010,P03,P03_L010_T008_A02,P03_L010_T008,2,8.0,44,44,10,0.001474290123456797,True,
P03_L010,P03,P03_L010_T008_A03,P03_L010_T008,3,16.0,41,41,10,0.0016812839506172876,True,
P03_L010,P03,P03_L010_T008_A04,P03_L010_T008,4,1.0,41,41,10,0.0012940370370370382,True,
P03_L049,P03,P03_L049_T001_A01,P03_L049_T001,1,8.0,54,54,10,0.0016993442622950342,True,
P03_L049,P03,P03_L049_T001_A02,P03_L049_T001,2,4.0,51,51,10,0.001276745901639325,True,
P03_L049,P03,P03_L049_T001_A03,P03_L049_T001,3,1.0,47,47,10,0.001276745901639325,True,
P03_L049,P03,P03_L049_T001_A04,P03_L049_T001,4,16.0,63,63,10,0.004125122950819649,True,
P03_L049,P03,P03_L049_T002_A01,P03_L049_T002,1,6.0,58,58,10,0.0020944344262294875,True,
P03_L049,P03,P03_L049_T002_A02,P03_L049_T002,2,0.5,52,52,11,0.002388532786885219,True,
P03_L049,P03,P03_L049_T002_A03,P03_L049_T002,3,11.3,64,64,10,0.005006237704918021,True,
P03_L049,P03,P03_L049_T002_A04,P03_L049_T002,4,2.0,61,61,10,0.001703319672131146,True,
P03_L049,P03,P03_L049_T003_A01,P03_L049_T003,1,6.0,64,64,11,0.001471532786885213,True,
P03_L049,P03,P03_L049_T003_A02,P03_L049_T003,2,2.0,63,63,10,0.0011001885245901183,True,
P03_L049,P03,P03_L049_T003_A03,P03_L049_T003,3,11.3,48,48,10,0.011170934426229481,True,
P03_L049,P03,P03_L049_T003_A04,P03_L049_T003,4,0.5,65,65,10,0.0027238934426229485,True,
P03_L049,P03,P03_L049_T004_A01,P03_L049_T004,1,1.0,63,63,10,0.0014936229508196604,True,
P03_L049,P03,P03_L049_T004_A02,P03_L049_T004,2,16.0,60,60,10,0.021648778688524568,True,
P03_L049,P03,P03_L049_T004_A03,P03_L049_T004,3,8.0,75,75,10,0.0023355901639343737,True,
P03_L049,P03,P03_L049_T004_A04,P03_L049_T004,4,4.0,61,61,10,0.001455967213114724,True,
P03_L049,P03,P03_L049_T005_A01,P03_L049_T005,1,8.0,59,59,10,0.0043898442622950454,True,
P03_L049,P03,P03_L049_T005_A02,P03_L049_T005,2,16.0,57,57,10,0.035163950819672114,True,
P03_L049,P03,P03_L049_T005_A03,P03_L049_T005,3,4.0,53,53,10,0.001455967213114724,True,
P03_L049,P03,P03_L049_T005_A04,P03_L049_T005,4,1.0,64,64,11,0.001471532786885213,True,
P03_L049,P03,P03_L049_T006_A01,P03_L049_T006,1,2.0,60,60,10,0.001309819672131101,True,
P03_L049,P03,P03_L049_T006_A02,P03_L049_T006,2,11.3,65,65,10,0.011170934426229481,True,
P03_L049,P03,P03_L049_T006_A03,P03_L049_T006,3,0.5,44,44,10,0.0022489508196720897,True,
P03_L049,P03,P03_L049_T006_A04,P03_L049_T006,4,6.0,79,79,10,0.0027087049180327255,True,
P03_L049,P03,P03_L049_T007_A01,P03_L049_T007,1,0.5,52,52,10,0.0022489508196720897,True,
P03_L049,P03,P03_L049_T007_A02,P03_L049_T007,2,2.0,52,52,11,0.0011195491803278248,True,
P03_L049,P03,P03_L049_T007_A03,P03_L049_T007,3,11.3,51,51,10,0.007732680327868861,True,
P03_L049,P03,P03_L049_T007_A04,P03_L049_T007,4,6.0,59,59,10,0.002388532786885219,True,
P03_L049,P03,P03_L049_T008_A01,P03_L049_T008,1,8.0,59,59,10,0.0038493688524589903,True,
P03_L049,P03,P03_L049_T008_A02,P03_L049_T008,2,16.0,52,52,10,0.002768311475409796,True,
P03_L049,P03,P03_L049_T008_A03,P03_L049_T008,3,1.0,51,51,10,0.0016104836065573267,True,
P03_L049,P03,P03_L049_T008_A04,P03_L049_T008,4,4.0,52,52,10,0.0016993442622950342,True,
P03_L100,P03,P03_L100_T001_A01,P03_L100_T001,1,11.3,72,72,10,0.02807997826086947,True,
P03_L100,P03,P03_L100_T001_A02,P03_L100_T001,2,2.0,65,65,11,0.00470424999999999,True,
P03_L100,P03,P03_L100_T001_A03,P03_L100_T001,3,0.5,64,64,10,0.004876282608695659,True,
P03_L100,P03,P03_L100_T001_A04,P03_L100_T001,4,6.0,65,65,10,0.004362380434782615,True,
P03_L100,P03,P03_L100_T002_A01,P03_L100_T002,1,4.0,46,46,10,0.0032351413043477956,True,
P03_L100,P03,P03_L100_T002_A02,P03_L100_T002,2,16.0,41,41,10,0.0193431195652172,True,
P03_L100,P03,P03_L100_T002_A03,P03_L100_T002,3,1.0,44,44,10,0.003961489130434738,True,
P03_L100,P03,P03_L100_T002_A04,P03_L100_T002,4,8.0,72,72,10,0.011598315217391304,True,
P03_L100,P03,P03_L100_T003_A01,P03_L100_T003,1,1.0,56,56,10,0.0031569782608694653,True,
P03_L100,P03,P03_L100_T003_A02,P03_L100_T003,2,4.0,48,48,10,0.003961489130434738,True,
P03_L100,P03,P03_L100_T003_A03,P03_L100_T003,3,16.0,59,59,10,0.043488532608695535,True,
P03_L100,P03,P03_L100_T003_A04,P03_L100_T003,4,8.0,48,48,10,0.009075260869565257,True,
P03_L100,P03,P03_L100_T004_A01,P03_L100_T004,1,8.0,42,42,10,0.007411228260869548,True,
P03_L100,P03,P03_L100_T004_A02,P03_L100_T004,2,4.0,62,62,10,0.007266293478260751,True,
P03_L100,P03,P03_L100_T004_A03,P03_L100_T004,3,16.0,37,37,10,0.034106097826086895,True,
P03_L100,P03,P03_L100_T004_A04,P03_L100_T004,4,1.0,67,67,11,0.007116195652173817,True,
P03_L100,P03,P03_L100_T005_A01,P03_L100_T005,1,4.0,58,58,10,0.007820217391304283,True,
P03_L100,P03,P03_L100_T005_A02,P03_L100_T005,2,8.0,77,77,10,0.008713989130434733,True,
P03_L100,P03,P03_L100_T005_A03,P03_L100_T005,3,1.0,51,51,10,0.0034136413043478475,True,
P03_L100,P03,P03_L100_T005_A04,P03_L100_T005,4,16.0,56,56,10,0.02370919565217383,True,
P03_L100,P03,P03_L100_T006_A01,P03_L100_T006,1,2.0,58,58,10,0.00451771739130435,True,
P03_L100,P03,P03_L100_T006_A02,P03_L100_T006,2,0.5,53,53,10,0.006700380434782533,True,
P03_L100,P03,P03_L100_T006_A03,P03_L100_T006,3,11.3,49,49,10,0.013459815217391143,True,
P03_L100,P03,P03_L100_T006_A04,P03_L100_T006,4,6.0,54,54,10,0.0036172065217390447,True,
P03_L100,P03,P03_L100_T007_A01,P03_L100_T007,1,11.3,37,37,10,0.014887815217391201,True,
P03_L100,P03,P03_L100_T007_A02,P03_L100_T007,2,6.0,63,63,10,0.009638521739130379,True,
P03_L100,P03,P03_L100_T007_A03,P03_L100_T007,3,2.0,57,57,10,0.0036075978260868597,True,
P03_L100,P03,P03_L100_T007_A04,P03_L100_T007,4,0.5,46,46,10,0.009075206521739017,True,
P03_L100,P03,P03_L100_T008_A01,P03_L100_T008,1,0.5,51,51,10,0.009172152173912887,True,
P03_L100,P03,P03_L100_T008_A02,P03_L100_T008,2,6.0,86,86,11,0.004207358695652079,True,
P03_L100,P03,P03_L100_T008_A03,P03_L100_T008,3,2.0,67,67,10,0.0038493586956521385,True,
P03_L100,P03,P03_L100_T008_A04,P03_L100_T008,4,11.3,43,43,11,0.015709402173912996,True,
P03_L200,P03,P03_L200_T001_A01,P03_L200_T001,1,4.0,78,78,10,0.004691698113207557,True,
P03_L200,P03,P03_L200_T001_A02,P03_L200_T001,2,3.0,46,46,10,0.00451767924528298,True,
P03_L200,P03,P03_L200_T001_A03,P03_L200_T001,3,8.0,52,52,10,0.007820245283018945,True,
P03_L200,P03,P03_L200_T001_A04,P03_L200_T001,4,1.0,55,55,10,0.0034136981132076127,True,
P03_L200,P03,P03_L200_T002_A01,P03_L200_T002,1,6.0,73,73,10,0.0034217547169812512,True,
P03_L200,P03,P03_L200_T002_A02,P03_L200_T002,2,11.3,69,69,10,0.015436396226415109,True,
P03_L200,P03,P03_L200_T002_A03,P03_L200_T002,3,0.5,74,74,10,0.0023886037735849253,True,
P03_L200,P03,P03_L200_T002_A04,P03_L200_T002,4,2.0,88,88,10,0.002526264150943436,True,
P03_L200,P03,P03_L200_T003_A01,P03_L200_T003,1,2.0,60,60,10,0.00276832075471687,True,
P03_L200,P03,P03_L200_T003_A02,P03_L200_T003,2,11.3,48,48,11,0.01192877358490582,True,
P03_L200,P03,P03_L200_T003_A03,P03_L200_T003,3,0.5,41,41,10,0.005466490566037779,True,
P03_L200,P03,P03_L200_T003_A04,P03_L200_T003,4,6.0,75,75,11,0.008247754716981165,True,
P03_L200,P03,P03_L200_T004_A01,P03_L200_T004,1,6.0,89,89,11,0.004384264150943511,True,
P03_L200,P03,P03_L200_T004_A02,P03_L200_T004,2,11.3,52,52,10,0.019361981132075504,True,
P03_L200,P03,P03_L200_T004_A03,P03_L200_T004,3,0.5,72,72,10,0.008871132075471546,True,
P03_L200,P03,P03_L200_T004_A04,P03_L200_T004,4,2.0,51,51,10,0.0016992641509433366,True,
P03_L200,P03,P03_L200_T005_A01,P03_L200_T005,1,2.0,53,53,10,0.005152000000000091,True,
P03_L200,P03,P03_L200_T005_A02,P03_L200_T005,2,11.3,37,37,10,0.016978226415094416,True,
P03_L200,P03,P03_L200_T005_A03,P03_L200_T005,3,0.5,61,61,10,0.0052072075471697515,True,
P03_L200,P03,P03_L200_T005_A04,P03_L200_T005,4,6.0,76,76,11,0.0023779433962262853,True,
P03_L200,P03,P03_L200_T006_A01,P03_L200_T006,1,8.0,48,48,10,0.007820320754717018,True,
P03_L200,P03,P03_L200_T006_A02,P03_L200_T006,2,4.0,70,70,10,0.005560924528301975,True,
P03_L200,P03,P03_L200_T006_A03,P03_L200_T006,3,3.0,49,49,10,0.003961509433962225,True,
P03_L200,P03,P03_L200_T006_A04,P03_L200_T006,4,1.0,47,47,10,0.007411377358490512,True,
P03_L200,P03,P03_L200_T007_A01,P03_L200_T007,1,8.0,52,52,10,0.002721301886792582,True,
P03_L200,P03,P03_L200_T007_A02,P03_L200_T007,2,1.0,65,65,11,0.003371226415094451,True,
P03_L200,P03,P03_L200_T007_A03,P03_L200_T007,3,3.0,54,54,10,0.00197205660377364,True,
P03_L200,P03,P03_L200_T007_A04,P03_L200_T007,4,4.0,48,48,10,0.002248981132075666,True,
P03_L200,P03,P03_L200_T008_A01,P03_L200_T008,1,1.0,66,66,10,0.010170528301886844,True,
P03_L200,P03,P03_L200_T008_A02,P03_L200_T008,2,8.0,46,46,10,0.006184377358490431,True,
P03_L200,P03,P03_L200_T008_A03,P03_L200_T008,3,3.0,56,56,10,0.00804296226415089,True,
P03_L200,P03,P03_L200_T008_A04,P03_L200_T008,4,4.0,63,63,10,0.002631037735849145,True,
P03_L300,P03,P03_L300_T001_A01,P03_L300_T001,1,6.0,56,56,10,0.007641428571428639,True,
P03_L300,P03,P03_L300_T001_A02,P03_L300_T001,2,0.5,64,64,10,0.010056821428571543,True,
P03_L300,P03,P03_L300_T001_A03,P03_L300_T001,3,12.0,55,55,10,0.02043050000000038,True,
P03_L300,P03,P03_L300_T001_A04,P03_L300_T001,4,2.0,79,79,11,0.006101642857142937,True,
P03_L300,P03,P03_L300_T002_A01,P03_L300_T002,1,6.0,67,67,10,0.011598250000000032,True,
P03_L300,P03,P03_L300_T002_A02,P03_L300_T002,2,12.0,45,45,10,0.013459785714285886,True,
P03_L300,P03,P03_L300_T002_A03,P03_L300_T002,3,0.5,47,47,10,0.022058928571428674,True,
P03_L300,P03,P03_L300_T002_A04,P03_L300_T002,4,2.0,46,46,10,0.008452000000000062,True,
P03_L300,P03,P03_L300_T003_A01,P03_L300_T003,1,4.0,74,74,10,0.006341821428571377,True,
P03_L300,P03,P03_L300_T003_A02,P03_L300_T003,2,16.0,51,51,10,0.041041107142857275,True,
P03_L300,P03,P03_L300_T003_A03,P03_L300_T003,3,1.0,55,55,10,0.019362035714285644,True,
P03_L300,P03,P03_L300_T003_A04,P03_L300_T003,4,8.0,47,47,10,0.019362071428571537,True,
P03_L300,P03,P03_L300_T004_A01,P03_L300_T004,1,16.0,54,54,10,0.04058157142857137,True,
P03_L300,P03,P03_L300_T004_A02,P03_L300_T004,2,4.0,79,79,11,0.005641500000000013,True,
P03_L300,P03,P03_L300_T004_A03,P03_L300_T004,3,1.0,48,48,10,0.018573107142857186,True,
P03_L300,P03,P03_L300_T004_A04,P03_L300_T004,4,8.0,61,61,10,0.014528035714286052,True,
P03_L370,P03,P03_L370_T001_A01,P03_L370_T001,1,6.0,44,44,10,0.008451900000001615,True,
P03_L370,P03,P03_L370_T001_A02,P03_L370_T001,2,0.5,57,57,10,0.017505000000000978,True,
P03_L370,P03,P03_L370_T001_A03,P03_L370_T001,3,2.0,49,49,10,0.008042900000001511,True,
P03_L370,P03,P03_L370_T001_A04,P03_L370_T001,4,12.0,66,66,10,0.016883500000001148,True,
P03_L370,P03,P03_L370_T002_A01,P03_L370_T002,1,6.0,58,58,10,0.007641500000000738,True,
P03_L370,P03,P03_L370_T002_A02,P03_L370_T002,2,2.0,63,63,10,0.007378600000000894,True,
P03_L370,P03,P03_L370_T002_A03,P03_L370_T002,3,0.5,62,62,10,0.017136100000000307,True,
P03_L370,P03,P03_L370_T002_A04,P03_L370_T002,4,12.0,48,48,10,0.016978600000001606,True,
P03_L370,P03,P03_L370_T003_A01,P03_L370_T003,1,8.0,53,53,11,0.00670050000000088,True,
P03_L370,P03,P03_L370_T003_A02,P03_L370_T003,2,16.0,46,46,10,0.04104120000000152,True,
P03_L370,P03,P03_L370_T003_A03,P03_L370_T003,3,1.0,59,59,10,0.01380810000000009,True,
P03_L370,P03,P03_L370_T003_A04,P03_L370_T003,4,4.0,45,45,10,0.008451900000001615,True,
P03_L370,P03,P03_L370_T004_A01,P03_L370_T004,1,8.0,58,58,10,0.007641300000000843,True,
P03_L370,P03,P03_L370_T004_A02,P03_L370_T004,2,1.0,62,62,10,0.01750510000000037,True,
P03_L370,P03,P03_L370_T004_A03,P03_L370_T004,3,4.0,45,45,10,0.010349700000000784,True,
P03_L370,P03,P03_L370_T004_A04,P03_L370_T004,4,16.0,44,44,10,0.027038100000000818,True,
P03_L415,P03,P03_L415_T001_A01,P03_L415_T001,1,6.0,51,51,10,0.009635499999999233,True,
P03_L415,P03,P03_L415_T001_A02,P03_L415_T001,2,0.5,52,52,10,0.020427000000000622,True,
P03_L415,P03,P03_L415_T001_A03,P03_L415_T001,3,2.0,62,62,11,0.006342500000000579,True,
P03_L415,P03,P03_L415_T001_A04,P03_L415_T001,4,12.0,68,68,10,0.008248000000005133,True,
P03_L415,P03,P03_L415_T002_A01,P03_L415_T002,1,2.0,71,71,10,0.0035389999999968468,True,
P03_L415,P03,P03_L415_T002_A02,P03_L415_T002,2,12.0,40,40,10,0.014886499999999789,True,
P03_L415,P03,P03_L415_T002_A03,P03_L415_T002,3,6.0,63,63,10,0.005463500000002503,True,
P03_L415,P03,P03_L415_T002_A04,P03_L415_T002,4,0.5,76,76,11,0.03305049999999807,True,
P03_L415,P03,P03_L415_T003_A01,P03_L415_T003,1,4.0,44,44,10,0.009075000000002824,True,
P03_L415,P03,P03_L415_T003_A02,P03_L415_T003,2,16.0,68,68,11,0.03198649999999745,True,
P03_L415,P03,P03_L415_T003_A03,P03_L415_T003,3,1.0,61,61,10,0.016302000000001357,True,
P03_L415,P03,P03_L415_T003_A04,P03_L415_T003,4,8.0,50,50,10,0.004794000000002403,True,
P03_L415,P03,P03_L415_T004_A01,P03_L415_T004,1,16.0,53,53,10,0.014277000000001414,True,
P03_L415,P03,P03_L415_T004_A02,P03_L415_T004,2,1.0,85,85,10,0.015513000000000318,True,
P03_L415,P03,P03_L415_T004_A03,P03_L415_T004,3,4.0,78,78,10,0.0039004999999980826,True,
P03_L415,P03,P03_L415_T004_A04,P03_L415_T004,4,8.0,70,70,10,0.0045185000000003105,True,
P04_L010,P04,P04_L010_T001_A01,P04_L010_T001,1,2.0,67,67,11,0.001493654320987663,True,
P04_L010,P04,P04_L010_T001_A02,P04_L010_T001,2,6.0,50,50,10,0.0013438703703703722,True,
P04_L010,P04,P04_L010_T001_A03,P04_L010_T001,3,11.3,51,51,10,0.002248956790123463,True,
P04_L010,P04,P04_L010_T001_A04,P04_L010_T001,4,0.5,47,47,10,0.0025647160493827113,True,
P04_L010,P04,P04_L010_T002_A01,P04_L010_T002,1,16.0,73,73,11,0.002335580246913566,True,
P04_L010,P04,P04_L010_T002_A02,P04_L010_T002,2,1.0,48,48,10,0.0018365864197530703,True,
P04_L010,P04,P04_L010_T002_A03,P04_L010_T002,3,4.0,44,44,10,0.0018366111111111165,True,
P04_L010,P04,P04_L010_T002_A04,P04_L010_T002,4,8.0,59,59,10,0.0022729753086419666,True,
P04_L010,P04,P04_L010_T003_A01,P04_L010_T003,1,16.0,42,42,10,0.002836839506172851,True,
P04_L010,P04,P04_L010_T003_A02,P04_L010_T003,2,4.0,40,40,10,0.001729259259259265,True,
P04_L010,P04,P04_L010_T003_A03,P04_L010_T003,3,1.0,66,66,11,0.0013097469135802545,True,
P04_L010,P04,P04_L010_T003_A04,P04_L010_T003,4,8.0,66,66,10,0.0009816913580246887,True,
P04_L010,P04,P04_L010_T004_A01,P04_L010_T004,1,4.0,64,64,11,0.0014559753086419592,True,
P04_L010,P04,P04_L010_T004_A02,P04_L010_T004,2,16.0,43,43,10,0.0019720679012345654,True,
P04_L010,P04,P04_L010_T004_A03,P04_L010_T004,3,1.0,42,42,10,0.0014121728395061685,True,
P04_L010,P04,P04_L010_T004_A04,P04_L010_T004,4,8.0,48,48,10,0.001490129629629626,True,
P04_L010,P04,P04_L010_T005_A01,P04_L010_T005,1,16.0,62,62,11,0.0023861913580246795,True,
P04_L010,P04,P04_L010_T005_A02,P04_L010_T005,2,8.0,49,49,10,0.0019720679012345654,True,
P04_L010,P04,P04_L010_T005_A03,P04_L010_T005,3,1.0,42,42,10,0.0014121728395061685,True,
P04_L010,P04,P04_L010_T005_A04,P04_L010_T005,4,4.0,41,41,10,0.0014121975308641972,True,
P04_L010,P04,P04_L010_T006_A01,P04_L010_T006,1,0.5,44,44,10,0.002248956790123463,True,
P04_L010,P04,P04_L010_T006_A02,P04_L010_T006,2,11.3,44,44,10,0.0016104444444444363,True,
P04_L010,P04,P04_L010_T006_A03,P04_L010_T006,3,2.0,57,57,10,0.0009816913580246887,True,
P04_L010,P04,P04_L010_T006_A04,P04_L010_T006,4,6.0,42,42,11,0.0016104814814814881,True,
P04_L010,P04,P04_L010_T007_A01,P04_L010_T007,1,2.0,46,46,10,0.0014121728395061685,True,
P04_L010,P04,P04_L010_T007_A02,P04_L010_T007,2,6.0,42,42,10,0.0014121975308641972,True,
P04_L010,P04,P04_L010_T007_A03,P04_L010_T007,3,0.5,44,44,10,0.0025647098765431914,True,
P04_L010,P04,P04_L010_T007_A04,P04_L010_T007,4,11.3,44,44,10,0.001729259259259265,True,
P04_L010,P04,P04_L010_T008_A01,P04_L010_T008,1,0.5,34,34,10,0.002836839506172851,True,
P04_L010,P04,P04_L010_T008_A02,P04_L010_T008,2,11.3,51,51,11,0.0018366111111111165,True,
P04_L010,P04,P04_L010_T008_A03,P04_L010_T008,3,6.0,48,48,10,0.0014900925925925915,True,
P04_L010,P04,P04_L010_T008_A04,P04_L010_T008,4,2.0,42,42,10,0.0014121728395061685,True,
P04_L049,P04,P04_L049_T001_A01,P04_L049_T001,1,1.0,44,44,10,0.0016104836065573267,True,
P04_L049,P04,P04_L049_T001_A02,P04_L049_T001,2,8.0,56,56,10,0.002820975409836061,True,
P04_L049,P04,P04_L049_T001_A03,P04_L049_T001,3,16.0,76,76,10,0.011170926229508174,True,
P04_L049,P04,P04_L049_T001_A04,P04_L049_T001,4,4.0,54,54,10,0.0018365737704917795,True,
P04_L049,P04,P04_L049_T002_A01,P04_L049_T002,1,11.3,39,39,11,0.015709327868852423,True,
P04_L049,P04,P04_L049_T002_A02,P04_L049_T002,2,0.5,44,44,10,0.002564713114754069,True,
P04_L049,P04,P04_L049_T002_A03,P04_L049_T002,3,2.0,51,51,11,0.001276745901639325,True,
P04_L049,P04,P04_L049_T002_A04,P04_L049_T002,4,6.0,58,58,10,0.002631049180327822,True,
P04_L049,P04,P04_L049_T003_A01,P04_L049_T003,1,1.0,67,67,10,0.001471532786885213,True,
P04_L049,P04,P04_L049_T003_A02,P04_L049_T003,2,4.0,53,53,11,0.001660401639344237,True,
P04_L049,P04,P04_L049_T003_A03,P04_L049_T003,3,16.0,61,61,10,0.005152008196721287,True,
P04_L049,P04,P04_L049_T003_A04,P04_L049_T003,4,8.0,85,85,10,0.002663499999999981,True,
P04_L049,P04,P04_L049_T004_A01,P04_L049_T004,1,6.0,62,62,11,0.0016604344262294655,True,
P04_L049,P04,P04_L049_T004_A02,P04_L049_T004,2,0.5,59,59,10,0.0028631885245900992,True,
P04_L049,P04,P04_L049_T004_A03,P04_L049_T004,3,2.0,46,46,10,0.0016104836065573267,True,
P04_L049,P04,P04_L049_T004_A04,P04_L049_T004,4,11.3,54,54,10,0.001972065573770451,True,
P04_L049,P04,P04_L049_T005_A01,P04_L049_T005,1,6.0,57,57,10,0.00300047540983604,True,
P04_L049,P04,P04_L049_T005_A02,P04_L049_T005,2,11.3,43,43,10,0.005466459016393438,True,
P04_L049,P04,P04_L049_T005_A03,P04_L049_T005,3,2.0,60,60,10,0.0009479262295081681,True,
P04_L049,P04,P04_L049_T005_A04,P04_L049_T005,4,0.5,46,46,10,0.0019720409836065295,True,
P04_L049,P04,P04_L049_T006_A01,P04_L049_T006,1,4.0,52,52,10,0.0015325573770491505,True,
P04_L049,P04,P04_L049_T006_A02,P04_L049_T006,2,16.0,55,55,11,0.010349442622950795,True,
P04_L049,P04,P04_L049_T006_A03,P04_L049_T006,3,1.0,46,46,10,0.0016104836065573267,True,
P04_L049,P04,P04_L049_T006_A04,P04_L049_T006,4,8.0,50,50,10,0.0034136475409836,True,
P04_L049,P04,P04_L049_T007_A01,P04_L049_T007,1,0.5,47,47,10,0.0019720409836065295,True,
P04_L049,P04,P04_L049_T007_A02,P04_L049_T007,2,6.0,54,54,10,0.0015325573770491505,True,
P04_L049,P04,P04_L049_T007_A03,P04_L049_T007,3,11.3,83,83,10,0.011598442622950775,True,
P04_L049,P04,P04_L049_T007_A04,P04_L049_T007,4,2.0,58,58,11,0.0012084180327868396,True,
P04_L049,P04,P04_L049_T008_A01,P04_L049_T008,1,1.0,46,46,10,0.0016104836065573267,True,
P04_L049,P04,P04_L049_T008_A02,P04_L049_T008,2,16.0,44,44,10,0.023709237704918035,True,
P04_L049,P04,P04_L049_T008_A03,P04_L049_T008,3,8.0,57,57,10,0.0027212622950819393,True,
P04_L049,P04,P04_L049_T008_A04,P04_L049_T008,4,4.0,56,56,10,0.0016993442622950342,True,
P04_L100,P04,P04_L100_T001_A01,P04_L100_T001,1,0.5,55,55,10,0.011802630434782649,True,
P04_L100,P04,P04_L100_T001_A02,P04_L100_T001,2,11.3,60,60,11,0.011802619565217377,True,
P04_L100,P04,P04_L100_T001_A03,P04_L100_T001,3,2.0,58,58,10,0.00456599999999993,True,
P04_L100,P04,P04_L100_T001_A04,P04_L100_T001,4,6.0,48,48,10,0.00804288043478258,True,
P04_L100,P04,P04_L100_T002_A01,P04_L100_T002,1,1.5,57,57,10,0.0026310108695650715,True,
P04_L100,P04,P04_L100_T002_A02,P04_L100_T002,2,3.0,39,39,10,0.0032351413043477956,True,
P04_L100,P04,P04_L100_T002_A03,P04_L100_T002,3,0.8,54,54,11,0.0029248260869564916,True,
P04_L100,P04,P04_L100_T002_A04,P04_L100_T002,4,11.3,47,47,11,0.008918184782608689,True,
P04_L100,P04,P04_L100_T003_A01,P04_L100_T003,1,3.0,62,62,10,0.004798152173912903,True,
P04_L100,P04,P04_L100_T003_A02,P04_L100_T003,2,0.8,48,48,11,0.004207402173913046,True,
P04_L100,P04,P04_L100_T003_A03,P04_L100_T003,3,5.0,59,59,10,0.003961489130434738,True,
P04_L100,P04,P04_L100_T003_A04,P04_L100_T003,4,1.5,46,46,10,0.0031718586956521458,True,
P04_L100,P04,P04_L100_T004_A01,P04_L100_T004,1,0.8,50,50,11,0.0038929565217391358,True,
P04_L100,P04,P04_L100_T004_A02,P04_L100_T004,2,3.0,52,52,10,0.005152043478260782,True,
P04_L100,P04,P04_L100_T004_A03,P04_L100_T004,3,5.0,49,49,10,0.005152043478260782,True,
P04_L100,P04,P04_L100_T004_A04,P04_L100_T004,4,1.5,58,58,10,0.002510652173912954,True,
P04_L100,P04,P04_L100_T005_A01,P04_L100_T005,1,1.5,49,49,10,0.004003826086956457,True,
P04_L100,P04,P04_L100_T005_A02,P04_L100_T005,2,3.0,55,55,10,0.004207369565217351,True,
P04_L100,P04,P04_L100_T005_A03,P04_L100_T005,3,5.0,61,61,10,0.005043445652173846,True,
P04_L100,P04,P04_L100_T005_A04,P04_L100_T005,4,0.8,59,59,10,0.005560945652173823,True,
P04_L100,P04,P04_L100_T006_A01,P04_L100_T006,1,11.3,48,48,10,0.010349489130434663,True,
P04_L100,P04,P04_L100_T006_A02,P04_L100_T006,2,0.5,54,54,11,0.004439510869565173,True,
P04_L100,P04,P04_L100_T006_A03,P04_L100_T006,3,6.0,48,48,10,0.004003826086956457,True,
P04_L100,P04,P04_L100_T006_A04,P04_L100_T006,4,2.0,52,52,10,0.004003826086956457,True,
P04_L100,P04,P04_L100_T007_A01,P04_L100_T007,1,1.0,73,73,10,0.003354336956521721,True,
P04_L100,P04,P04_L100_T007_A02,P04_L100_T007,2,4.0,46,46,10,0.005152043478260782,True,
P04_L100,P04,P04_L100_T007_A03,P04_L100_T007,3,8.0,54,54,11,0.009638554347825954,True,
P04_L100,P04,P04_L100_T007_A04,P04_L100_T007,4,16.0,48,48,10,0.025591086956521625,True,
P04_L100,P04,P04_L100_T008_A01,P04_L100_T008,1,4.0,65,65,10,0.006700326086956535,True,
P04_L100,P04,P04_L100_T008_A02,P04_L100_T008,2,16.0,91,91,10,0.023299108695652052,True,
P04_L100,P04,P04_L100_T008_A03,P04_L100_T008,3,1.0,57,57,10,0.0028209891304348017,True,
P04_L100,P04,P04_L100_T008_A04,P04_L100_T008,4,8.0,49,49,10,0.00804288043478258,True,
P04_L100,P04,P04_L100_T009_A01,P04_L100_T009,1,6.0,47,47,11,0.0034136413043478475,True,
P04_L100,P04,P04_L100_T009_A02,P04_L100_T009,2,2.0,45,45,10,0.0036893804347825467,True,
P04_L100,P04,P04_L100_T009_A03,P04_L100_T009,3,32.0,54,54,10,0.01791504347826084,True,
P04_L100,P04,P04_L100_T009_A04,P04_L100_T009,4,0.5,48,48,10,0.007266293478260751,True,
P04_L100,P04,P04_L100_T010_A01,P04_L100_T010,1,0.5,49,49,10,0.007411271739130395,True,
P04_L100,P04,P04_L100_T010_A02,P04_L100_T010,2,6.0,42,42,10,0.00451771739130435,True,
P04_L100,P04,P04_L100_T010_A03,P04_L100_T010,3,11.3,51,51,10,0.010349456521738968,True,
P04_L100,P04,P04_L100_T010_A04,P04_L100_T010,4,2.0,51,51,11,0.0038493695652174103,True,
P04_L100,P04,P04_L100_T011_A01,P04_L100_T011,1,1.0,87,87,10,0.006122195652173882,True,
P04_L100,P04,P04_L100_T011_A02,P04_L100_T011,2,4.0,63,63,10,0.002427413043478179,True,
P04_L100,P04,P04_L100_T011_A03,P04_L100_T011,3,8.0,48,48,10,0.00804288043478258,True,
P04_L100,P04,P04_L100_T011_A04,P04_L100_T011,4,16.0,67,67,10,0.02164891304347822,True,
P04_L100,P04,P04_L100_T012_A01,P04_L100_T012,1,1.0,49,49,11,0.00224893478260855,True,
P04_L100,P04,P04_L100_T012_A02,P04_L100_T012,2,16.0,49,49,10,0.019362141304347755,True,
P04_L100,P04,P04_L100_T012_A03,P04_L100_T012,3,8.0,47,47,10,0.005875434782608701,True,
P04_L100,P04,P04_L100_T012_A04,P04_L100_T012,4,4.0,54,54,10,0.007732663043478243,True,
P04_L200,P04,P04_L200_T001_A01,P04_L200_T001,1,0.5,77,77,10,0.003034283018867962,True,
P04_L200,P04,P04_L200_T001_A02,P04_L200_T001,2,11.3,65,65,10,0.004798094339622684,True,
P04_L200,P04,P04_L200_T001_A03,P04_L200_T001,3,32.0,60,60,10,0.015349566037735901,True,
P04_L200,P04,P04_L200_T001_A04,P04_L200_T001,4,2.0,50,50,10,0.0027212075471698847,True,
P04_L200,P04,P04_L200_T002_A01,P04_L200_T002,1,1.0,57,57,10,0.007732754716981071,True,
P04_L200,P04,P04_L200_T002_A02,P04_L200_T002,2,8.0,62,62,10,0.003103320754717024,True,
P04_L200,P04,P04_L200_T002_A03,P04_L200_T002,3,4.0,78,78,12,0.003106471698113372,True,
P04_L200,P04,P04_L200_T002_A04,P04_L200_T002,4,16.0,66,66,10,0.015436283018868,True,
P04_L200,P04,P04_L200_T003_A01,P04_L200_T003,1,4.0,49,49,10,0.002721301886792582,True,
P04_L200,P04,P04_L200_T003_A02,P04_L200_T003,2,16.0,53,53,10,0.019361981132075504,True,
P04_L200,P04,P04_L200_T003_A03,P04_L200_T003,3,8.0,68,68,10,0.00295611320754719,True,
P04_L200,P04,P04_L200_T003_A04,P04_L200_T003,4,1.0,62,62,11,0.0033354716981133905,True,
P04_L200,P04,P04_L200_T004_A01,P04_L200_T004,1,32.0,39,39,10,0.03410588679245288,True,
P04_L200,P04,P04_L200_T004_A02,P04_L200_T004,2,2.0,67,67,10,0.006873452830188763,True,
P04_L200,P04,P04_L200_T004_A03,P04_L200_T004,3,11.3,60,60,10,0.020790264150943344,True,
P04_L200,P04,P04_L200_T004_A04,P04_L200_T004,4,0.5,79,79,10,0.009993754716981327,True,
P04_L200,P04,P04_L200_T005_A01,P04_L200_T005,1,4.0,73,73,10,0.001571603773584799,True,
P04_L200,P04,P04_L200_T005_A02,P04_L200_T005,2,8.0,74,74,10,0.0029555849056604666,True,
P04_L200,P04,P04_L200_T005_A03,P04_L200_T005,3,1.0,74,74,10,0.008451773584905661,True,
P04_L200,P04,P04_L200_T005_A04,P04_L200_T005,4,16.0,58,58,10,0.01534967924528301,True,
P04_L200,P04,P04_L200_T006_A01,P04_L200_T006,1,16.0,73,73,11,0.018894320754717035,True,
P04_L200,P04,P04_L200_T006_A02,P04_L200_T006,2,4.0,56,56,10,0.0029248867924528427,True,
P04_L200,P04,P04_L200_T006_A03,P04_L200_T006,3,8.0,61,61,11,0.004876358490566153,True,
P04_L200,P04,P04_L200_T006_A04,P04_L200_T006,4,1.0,61,61,10,0.016567830188679265,True,
P04_L200,P04,P04_L200_T007_A01,P04_L200_T007,1,2.0,49,49,10,0.008443622641509328,True,
P04_L200,P04,P04_L200_T007_A02,P04_L200_T007,2,0.5,51,51,10,0.028688566037735952,True,
P04_L200,P04,P04_L200_T007_A03,P04_L200_T007,3,32.0,47,47,10,0.03410613207547172,True,
P04_L200,P04,P04_L200_T007_A04,P04_L200_T007,4,11.3,80,80,11,0.02154730188679246,True,
P04_L200,P04,P04_L200_T008_A01,P04_L200_T008,1,11.3,37,37,10,0.014887792452830097,True,
P04_L200,P04,P04_L200_T008_A02,P04_L200_T008,2,32.0,58,58,10,0.013807867924528323,True,
P04_L200,P04,P04_L200_T008_A03,P04_L200_T008,3,0.5,59,59,10,0.008286603773584913,True,
P04_L200,P04,P04_L200_T008_A04,P04_L200_T008,4,2.0,62,62,10,0.003617283018867874,True,
P04_L300,P04,P04_L300_T001_A01,P04_L300_T001,1,4.0,62,62,10,0.00999385714285729,True,
P04_L300,P04,P04_L300_T001_A02,P04_L300_T001,2,1.0,56,56,11,0.010170392857143065,True,
P04_L300,P04,P04_L300_T001_A03,P04_L300_T001,3,8.0,47,47,10,0.008451892857142778,True,
P04_L300,P04,P04_L300_T001_A04,P04_L300_T001,4,16.0,47,47,10,0.03083471428571452,True,
P04_L300,P04,P04_L300_T002_A01,P04_L300_T002,1,1.0,72,72,10,0.010776750000000238,True,
P04_L300,P04,P04_L300_T002_A02,P04_L300_T002,2,4.0,50,50,10,0.008451892857142778,True,
P04_L300,P04,P04_L300_T002_A03,P04_L300_T002,3,8.0,61,61,10,0.003849321428571274,True,
P04_L300,P04,P04_L300_T002_A04,P04_L300_T002,4,16.0,34,34,10,0.0341060714285714,True,
P04_L300,P04,P04_L300_T003_A01,P04_L300_T003,1,6.0,45,45,11,0.007820107142857333,True,
P04_L300,P04,P04_L300_T003_A02,P04_L300_T003,2,12.0,59,59,10,0.018983357142857545,True,
P04_L300,P04,P04_L300_T003_A03,P04_L300_T003,3,2.0,44,44,10,0.0074111785714286995,True,
P04_L300,P04,P04_L300_T003_A04,P04_L300_T003,4,0.5,58,58,10,0.007820214285714222,True,
P04_L300,P04,P04_L300_T004_A01,P04_L300_T004,1,2.0,43,43,10,0.010349428571428714,True,
P04_L300,P04,P04_L300_T004_A02,P04_L300_T004,2,6.0,49,49,10,0.006233928571428411,True,
P04_L300,P04,P04_L300_T004_A03,P04_L300_T004,3,12.0,45,45,10,0.010349428571428714,True,
P04_L300,P04,P04_L300_T004_A04,P04_L300_T004,4,0.5,66,66,11,0.012289928571428726,True,
P04_L370,P04,P04_L370_T001_A01,P04_L370_T001,1,1.0,51,51,10,0.010460400000000803,True,
P04_L370,P04,P04_L370_T001_A02,P04_L370_T001,2,16.0,53,53,10,0.031632300000000696,True,
P04_L370,P04,P04_L370_T001_A03,P04_L370_T001,3,4.0,51,51,10,0.008286700000000861,True,
P04_L370,P04,P04_L370_T001_A04,P04_L370_T001,4,8.0,57,57,10,0.011802500000001038,True,
P04_L370,P04,P04_L370_T002_A01,P04_L370_T002,1,16.0,49,49,10,0.030834400000001566,True,
P04_L370,P04,P04_L370_T002_A02,P04_L370_T002,2,8.0,56,56,10,0.009172100000001118,True,
P04_L370,P04,P04_L370_T002_A03,P04_L370_T002,3,1.0,50,50,10,0.012108100000000056,True,
P04_L370,P04,P04_L370_T002_A04,P04_L370_T002,4,4.0,54,54,12,0.010992300000001166,True,
P04_L370,P04,P04_L370_T003_A01,P04_L370_T003,1,12.0,57,57,10,0.02043070000000034,True,
P04_L370,P04,P04_L370_T003_A02,P04_L370_T003,2,0.5,51,51,10,0.030834800000001356,True,
P04_L370,P04,P04_L370_T003_A03,P04_L370_T003,3,2.0,53,53,10,0.00891820000000098,True,
P04_L370,P04,P04_L370_T003_A04,P04_L370_T003,4,6.0,54,54,10,0.010349700000000784,True,
P04_L370,P04,P04_L370_T004_A01,P04_L370_T004,1,2.0,59,59,10,0.011929200000000407,True,
P04_L370,P04,P04_L370_T004_A02,P04_L370_T004,2,12.0,54,54,10,0.020430800000000842,True,
P04_L370,P04,P04_L370_T004_A03,P04_L370_T004,3,6.0,74,74,11,0.009406100000000075,True,
P04_L370,P04,P04_L370_T004_A04,P04_L370_T004,4,0.5,47,47,10,0.02370920000000052,True,
